realtime_start,realtime_end,date,value
2026-09-18,2026-09-18,1954-01-01,0.0007
2026-09-18,2026-09-18,1954-02-01,0.0007
2026-09-18,2026-09-18,1954-03-01,0.0007
2026-09-18,2026-09-18,1954-04-01,0.0007
2026-09-18,2026-09-18,1954-05-01,0.0007
2026-09-18,2026-09-18,1954-06-01,0.0007
2026-09-18,2026-09-18,1954-07-01,0.0007
2026-09-18,2026-09-18,1954-08-01,0.0008
2026-09-18,2026-09-18,1954-09-01,0.0008
2026-09-18,2026-09-18,1954-10-01,0.0008
2026-09-18,2026-09-18,1954-11-01,0.0008
2026-09-18,2026-09-18,1954-12-01,0.0008
2026-09-18,2026-09-18,1955-01-01,0.0008
2026-09-18,2026-09-18,1955-02-01,0.0008
2026-09-18,2026-09-18,1955-03-01,0.0008
2026-09-18,2026-09-18,1955-04-01,0.0008
2026-09-18,2026-09-18,1955-05-01,0.0007
2026-09-18,2026-09-18,1955-06-01,0.0007
2026-09-18,2026-09-18,1955-07-01,0.0007
2026-09-18,2026-09-18,1955-08-01,0.0008
2026-09-18,2026-09-18,1955-09-01,0.0008
2026-09-18,2026-09-18,1955-10-01,0.0009
2026-09-18,2026-09-18,1955-11-01,0.0009
2026-09-18,2026-09-18,1955-12-01,0.0009
2026-09-18,2026-09-18,1956-01-01,0.0009
2026-09-18,2026-09-18,1956-02-01,0.0009
2026-09-18,2026-09-18,1956-03-01,0.0009
2026-09-18,2026-09-18,1956-04-01,0.001
2026-09-18,2026-09-18,1956-05-01,0.001
2026-09-18,2026-09-18,1956-06-01,0.001
2026-09-18,2026-09-18,1956-07-01,0.001
2026-09-18,2026-09-18,1956-08-01,0.001
2026-09-18,2026-09-18,1956-09-01,0.001
2026-09-18,2026-09-18,1956-10-01,0.001
2026-09-18,2026-09-18,1956-11-01,0.0011
2026-09-18,2026-09-18,1956-12-01,0.0011
2026-09-18,2026-09-18,1957-01-01,0.0011
2026-09-18,2026-09-18,1957-02-01,0.0011
2026-09-18,2026-09-18,1957-03-01,0.0011
2026-09-18,2026-09-18,1957-04-01,0.0011
2026-09-18,2026-09-18,1957-05-01,0.0012
2026-09-18,2026-09-18,1957-06-01,0.0012
2026-09-18,2026-09-18,1957-07-01,0.0012
2026-09-18,2026-09-18,1957-08-01,0.0013
2026-09-18,2026-09-18,1957-09-01,0.0012
2026-09-18,2026-09-18,1957-10-01,0.0012
2026-09-18,2026-09-18,1957-11-01,0.0011
2026-09-18,2026-09-18,1957-12-01,0.0011
2026-09-18,2026-09-18,1958-01-01,0.001
2026-09-18,2026-09-18,1958-02-01,0.001
2026-09-18,2026-09-18,1958-03-01,0.001
2026-09-18,2026-09-18,1958-04-01,0.001
2026-09-18,2026-09-18,1958-05-01,0.001
2026-09-18,2026-09-18,1958-06-01,0.001
2026-09-18,2026-09-18,1958-07-01,0.0011
2026-09-18,2026-09-18,1958-08-01,0.0011
2026-09-18,2026-09-18,1958-09-01,0.0012
2026-09-18,2026-09-18,1958-10-01,0.0012
2026-09-18,2026-09-18,1958-11-01,0.0012
2026-09-18,2026-09-18,1958-12-01,0.0013
2026-09-18,2026-09-18,1959-01-01,0.0014
2026-09-18,2026-09-18,1959-02-01,0.0014
2026-09-18,2026-09-18,1959-03-01,0.0014
2026-09-18,2026-09-18,1959-04-01,0.0015
2026-09-18,2026-09-18,1959-05-01,0.0015
2026-09-18,2026-09-18,1959-06-01,0.0016
2026-09-18,2026-09-18,1959-07-01,0.0016
2026-09-18,2026-09-18,1959-08-01,0.0016
2026-09-18,2026-09-18,1959-09-01,0.0017
2026-09-18,2026-09-18,1959-10-01,0.0017
2026-09-18,2026-09-18,1959-11-01,0.0017
2026-09-18,2026-09-18,1959-12-01,0.0018
2026-09-18,2026-09-18,1960-01-01,0.0018
2026-09-18,2026-09-18,1960-02-01,0.0018
2026-09-18,2026-09-18,1960-03-01,0.0018
2026-09-18,2026-09-18,1960-04-01,0.0018
2026-09-18,2026-09-18,1960-05-01,0.0018
2026-09-18,2026-09-18,1960-06-01,0.0018
2026-09-18,2026-09-18,1960-07-01,0.0018
2026-09-18,2026-09-18,1960-08-01,0.0018
2026-09-18,2026-09-18,1960-09-01,0.0018
2026-09-18,2026-09-18,1960-10-01,0.0018
2026-09-18,2026-09-18,1960-11-01,0.0018
2026-09-18,2026-09-18,1960-12-01,0.0017
2026-09-18,2026-09-18,1961-01-01,0.0018
2026-09-18,2026-09-18,1961-02-01,0.0018
2026-09-18,2026-09-18,1961-03-01,0.0018
2026-09-18,2026-09-18,1961-04-01,0.0018
2026-09-18,2026-09-18,1961-05-01,0.0018
2026-09-18,2026-09-18,1961-06-01,0.0018
2026-09-18,2026-09-18,1961-07-01,0.0018
2026-09-18,2026-09-18,1961-08-01,0.0019
2026-09-18,2026-09-18,1961-09-01,0.0019
2026-09-18,2026-09-18,1961-10-01,0.002
2026-09-18,2026-09-18,1961-11-01,0.0021
2026-09-18,2026-09-18,1961-12-01,0.0022
2026-09-18,2026-09-18,1962-01-01,0.0022
2026-09-18,2026-09-18,1962-02-01,0.0022
2026-09-18,2026-09-18,1962-03-01,0.0023
2026-09-18,2026-09-18,1962-04-01,0.0024
2026-09-18,2026-09-18,1962-05-01,0.0024
2026-09-18,2026-09-18,1962-06-01,0.0025
2026-09-18,2026-09-18,1962-07-01,0.0026
2026-09-18,2026-09-18,1962-08-01,0.0024
2026-09-18,2026-09-18,1962-09-01,0.0023
2026-09-18,2026-09-18,1962-10-01,0.0023
2026-09-18,2026-09-18,1962-11-01,0.0023
2026-09-18,2026-09-18,1962-12-01,0.0023
2026-09-18,2026-09-18,1963-01-01,0.002
2026-09-18,2026-09-18,1963-02-01,0.0023
2026-09-18,2026-09-18,1963-03-01,0.0025
2026-09-18,2026-09-18,1963-04-01,0.0025
2026-09-18,2026-09-18,1963-05-01,0.0024
2026-09-18,2026-09-18,1963-06-01,0.0026
2026-09-18,2026-09-18,1963-07-01,0.0028
2026-09-18,2026-09-18,1963-08-01,0.0028
2026-09-18,2026-09-18,1963-09-01,0.0031
2026-09-18,2026-09-18,1963-10-01,0.0029
2026-09-18,2026-09-18,1963-11-01,0.003
2026-09-18,2026-09-18,1963-12-01,0.003
2026-09-18,2026-09-18,1964-01-01,0.0029
2026-09-18,2026-09-18,1964-02-01,0.0031
2026-09-18,2026-09-18,1964-03-01,0.0031
2026-09-18,2026-09-18,1964-04-01,0.003
2026-09-18,2026-09-18,1964-05-01,0.0031
2026-09-18,2026-09-18,1964-06-01,0.0031
2026-09-18,2026-09-18,1964-07-01,0.0028
2026-09-18,2026-09-18,1964-08-01,0.0033
2026-09-18,2026-09-18,1964-09-01,0.0033
2026-09-18,2026-09-18,1964-10-01,0.0036
2026-09-18,2026-09-18,1964-11-01,0.0039
2026-09-18,2026-09-18,1964-12-01,0.0039
2026-09-18,2026-09-18,1965-01-01,0.0042
2026-09-18,2026-09-18,1965-02-01,0.0042
2026-09-18,2026-09-18,1965-03-01,0.0041
2026-09-18,2026-09-18,1965-04-01,0.0045
2026-09-18,2026-09-18,1965-05-01,0.0048
2026-09-18,2026-09-18,1965-06-01,0.0049
2026-09-18,2026-09-18,1965-07-01,0.0053
2026-09-18,2026-09-18,1965-08-01,0.0055
2026-09-18,2026-09-18,1965-09-01,0.0058
2026-09-18,2026-09-18,1965-10-01,0.0061
2026-09-18,2026-09-18,1965-11-01,0.006
2026-09-18,2026-09-18,1965-12-01,0.0061
2026-09-18,2026-09-18,1966-01-01,0.0065
2026-09-18,2026-09-18,1966-02-01,0.0064
2026-09-18,2026-09-18,1966-03-01,0.0068
2026-09-18,2026-09-18,1966-04-01,0.0072
2026-09-18,2026-09-18,1966-05-01,0.0072
2026-09-18,2026-09-18,1966-06-01,0.0073
2026-09-18,2026-09-18,1966-07-01,0.0073
2026-09-18,2026-09-18,1966-08-01,0.007
2026-09-18,2026-09-18,1966-09-01,0.0077
2026-09-18,2026-09-18,1966-10-01,0.008
2026-09-18,2026-09-18,1966-11-01,0.0073
2026-09-18,2026-09-18,1966-12-01,0.0079
2026-09-18,2026-09-18,1967-01-01,0.0076
2026-09-18,2026-09-18,1967-02-01,0.0073
2026-09-18,2026-09-18,1967-03-01,0.0071
2026-09-18,2026-09-18,1967-04-01,0.0068
2026-09-18,2026-09-18,1967-05-01,0.0066
2026-09-18,2026-09-18,1967-06-01,0.0065
2026-09-18,2026-09-18,1967-07-01,0.0067
2026-09-18,2026-09-18,1967-08-01,0.0068
2026-09-18,2026-09-18,1967-09-01,0.0068
2026-09-18,2026-09-18,1967-10-01,0.0069
2026-09-18,2026-09-18,1967-11-01,0.0071
2026-09-18,2026-09-18,1967-12-01,0.0072
2026-09-18,2026-09-18,1968-01-01,0.0072
2026-09-18,2026-09-18,1968-02-01,0.0073
2026-09-18,2026-09-18,1968-03-01,0.0072
2026-09-18,2026-09-18,1968-04-01,0.007
2026-09-18,2026-09-18,1968-05-01,0.0072
2026-09-18,2026-09-18,1968-06-01,0.0072
2026-09-18,2026-09-18,1968-07-01,0.0073
2026-09-18,2026-09-18,1968-08-01,0.0074
2026-09-18,2026-09-18,1968-09-01,0.0076
2026-09-18,2026-09-18,1968-10-01,0.0076
2026-09-18,2026-09-18,1968-11-01,0.0078
2026-09-18,2026-09-18,1968-12-01,0.0079
2026-09-18,2026-09-18,1969-01-01,0.008
2026-09-18,2026-09-18,1969-02-01,0.0082
2026-09-18,2026-09-18,1969-03-01,0.0085
2026-09-18,2026-09-18,1969-04-01,0.0087
2026-09-18,2026-09-18,1969-05-01,0.009
2026-09-18,2026-09-18,1969-06-01,0.0092
2026-09-18,2026-09-18,1969-07-01,0.0094
2026-09-18,2026-09-18,1969-08-01,0.0096
2026-09-18,2026-09-18,1969-09-01,0.0098
2026-09-18,2026-09-18,1969-10-01,0.0101
2026-09-18,2026-09-18,1969-11-01,0.01
2026-09-18,2026-09-18,1969-12-01,0.0101
2026-09-18,2026-09-18,1970-01-01,0.01
2026-09-18,2026-09-18,1970-02-01,0.01
2026-09-18,2026-09-18,1970-03-01,0.0099
2026-09-18,2026-09-18,1970-04-01,0.0098
2026-09-18,2026-09-18,1970-05-01,0.0096
2026-09-18,2026-09-18,1970-06-01,0.0094
2026-09-18,2026-09-18,1970-07-01,0.0095
2026-09-18,2026-09-18,1970-08-01,0.0092
2026-09-18,2026-09-18,1970-09-01,0.0091
2026-09-18,2026-09-18,1970-10-01,0.0089
2026-09-18,2026-09-18,1970-11-01,0.0086
2026-09-18,2026-09-18,1970-12-01,0.0086
2026-09-18,2026-09-18,1971-01-01,0.0088
2026-09-18,2026-09-18,1971-02-01,0.0089
2026-09-18,2026-09-18,1971-03-01,0.0093
2026-09-18,2026-09-18,1971-04-01,0.0096
2026-09-18,2026-09-18,1971-05-01,0.0099
2026-09-18,2026-09-18,1971-06-01,0.0101
2026-09-18,2026-09-18,1971-07-01,0.0104
2026-09-18,2026-09-18,1971-08-01,0.0106
2026-09-18,2026-09-18,1971-09-01,0.0108
2026-09-18,2026-09-18,1971-10-01,0.011
2026-09-18,2026-09-18,1971-11-01,0.0111
2026-09-18,2026-09-18,1971-12-01,0.0114
2026-09-18,2026-09-18,1972-01-01,0.0121
2026-09-18,2026-09-18,1972-02-01,0.0121
2026-09-18,2026-09-18,1972-03-01,0.0122
2026-09-18,2026-09-18,1972-04-01,0.0122
2026-09-18,2026-09-18,1972-05-01,0.0123
2026-09-18,2026-09-18,1972-06-01,0.0122
2026-09-18,2026-09-18,1972-07-01,0.0124
2026-09-18,2026-09-18,1972-08-01,0.0127
2026-09-18,2026-09-18,1972-09-01,0.0132
2026-09-18,2026-09-18,1972-10-01,0.0137
2026-09-18,2026-09-18,1972-11-01,0.0141
2026-09-18,2026-09-18,1972-12-01,0.0144
2026-09-18,2026-09-18,1973-01-01,0.0149
2026-09-18,2026-09-18,1973-02-01,0.0155
2026-09-18,2026-09-18,1973-03-01,0.0159
2026-09-18,2026-09-18,1973-04-01,0.0163
2026-09-18,2026-09-18,1973-05-01,0.0164
2026-09-18,2026-09-18,1973-06-01,0.0172
2026-09-18,2026-09-18,1973-07-01,0.0173
2026-09-18,2026-09-18,1973-08-01,0.0179
2026-09-18,2026-09-18,1973-09-01,0.0179
2026-09-18,2026-09-18,1973-10-01,0.0184
2026-09-18,2026-09-18,1973-11-01,0.0189
2026-09-18,2026-09-18,1973-12-01,0.0189
2026-09-18,2026-09-18,1974-01-01,0.0194
2026-09-18,2026-09-18,1974-02-01,0.0196
2026-09-18,2026-09-18,1974-03-01,0.0197
2026-09-18,2026-09-18,1974-04-01,0.0194
2026-09-18,2026-09-18,1974-05-01,0.0192
2026-09-18,2026-09-18,1974-06-01,0.0191
2026-09-18,2026-09-18,1974-07-01,0.0187
2026-09-18,2026-09-18,1974-08-01,0.0179
2026-09-18,2026-09-18,1974-09-01,0.0178
2026-09-18,2026-09-18,1974-10-01,0.0169
2026-09-18,2026-09-18,1974-11-01,0.0157
2026-09-18,2026-09-18,1974-12-01,0.015
2026-09-18,2026-09-18,1975-01-01,0.0146
2026-09-18,2026-09-18,1975-02-01,0.0134
2026-09-18,2026-09-18,1975-03-01,0.0132
2026-09-18,2026-09-18,1975-04-01,0.013
2026-09-18,2026-09-18,1975-05-01,0.013
2026-09-18,2026-09-18,1975-06-01,0.013
2026-09-18,2026-09-18,1975-07-01,0.0134
2026-09-18,2026-09-18,1975-08-01,0.0137
2026-09-18,2026-09-18,1975-09-01,0.0141
2026-09-18,2026-09-18,1975-10-01,0.0146
2026-09-18,2026-09-18,1975-11-01,0.0149
2026-09-18,2026-09-18,1975-12-01,0.0156
2026-09-18,2026-09-18,1976-01-01,0.0157
2026-09-18,2026-09-18,1976-02-01,0.0158
2026-09-18,2026-09-18,1976-03-01,0.016
2026-09-18,2026-09-18,1976-04-01,0.0166
2026-09-18,2026-09-18,1976-05-01,0.0173
2026-09-18,2026-09-18,1976-06-01,0.0176
2026-09-18,2026-09-18,1976-07-01,0.0181
2026-09-18,2026-09-18,1976-08-01,0.0187
2026-09-18,2026-09-18,1976-09-01,0.0194
2026-09-18,2026-09-18,1976-10-01,0.0196
2026-09-18,2026-09-18,1976-11-01,0.02
2026-09-18,2026-09-18,1976-12-01,0.0201
2026-09-18,2026-09-18,1977-01-01,0.02
2026-09-18,2026-09-18,1977-02-01,0.021
2026-09-18,2026-09-18,1977-03-01,0.0211
2026-09-18,2026-09-18,1977-04-01,0.0215
2026-09-18,2026-09-18,1977-05-01,0.0218
2026-09-18,2026-09-18,1977-06-01,0.0227
2026-09-18,2026-09-18,1977-07-01,0.0223
2026-09-18,2026-09-18,1977-08-01,0.0235
2026-09-18,2026-09-18,1977-09-01,0.0239
2026-09-18,2026-09-18,1977-10-01,0.024
2026-09-18,2026-09-18,1977-11-01,0.0245
2026-09-18,2026-09-18,1977-12-01,0.0246
2026-09-18,2026-09-18,1978-01-01,0.0243
2026-09-18,2026-09-18,1978-02-01,0.0247
2026-09-18,2026-09-18,1978-03-01,0.0259
2026-09-18,2026-09-18,1978-04-01,0.026
2026-09-18,2026-09-18,1978-05-01,0.0265
2026-09-18,2026-09-18,1978-06-01,0.0272
2026-09-18,2026-09-18,1978-07-01,0.0277
2026-09-18,2026-09-18,1978-08-01,0.0283
2026-09-18,2026-09-18,1978-09-01,0.0286
2026-09-18,2026-09-18,1978-10-01,0.0294
2026-09-18,2026-09-18,1978-11-01,0.0305
2026-09-18,2026-09-18,1978-12-01,0.0309
2026-09-18,2026-09-18,1979-01-01,0.0318
2026-09-18,2026-09-18,1979-02-01,0.0325
2026-09-18,2026-09-18,1979-03-01,0.0329
2026-09-18,2026-09-18,1979-04-01,0.0323
2026-09-18,2026-09-18,1979-05-01,0.0333
2026-09-18,2026-09-18,1979-06-01,0.0345
2026-09-18,2026-09-18,1979-07-01,0.034
2026-09-18,2026-09-18,1979-08-01,0.035
2026-09-18,2026-09-18,1979-09-01,0.0358
2026-09-18,2026-09-18,1979-10-01,0.0369
2026-09-18,2026-09-18,1979-11-01,0.0381
2026-09-18,2026-09-18,1979-12-01,0.0391
2026-09-18,2026-09-18,1980-01-01,0.04
2026-09-18,2026-09-18,1980-02-01,0.0406
2026-09-18,2026-09-18,1980-03-01,0.0405
2026-09-18,2026-09-18,1980-04-01,0.0414
2026-09-18,2026-09-18,1980-05-01,0.0405
2026-09-18,2026-09-18,1980-06-01,0.0393
2026-09-18,2026-09-18,1980-07-01,0.0385
2026-09-18,2026-09-18,1980-08-01,0.0393
2026-09-18,2026-09-18,1980-09-01,0.0393
2026-09-18,2026-09-18,1980-10-01,0.0399
2026-09-18,2026-09-18,1980-11-01,0.0404
2026-09-18,2026-09-18,1980-12-01,0.0416
2026-09-18,2026-09-18,1981-01-01,0.0421
2026-09-18,2026-09-18,1981-02-01,0.0423
2026-09-18,2026-09-18,1981-03-01,0.0426
2026-09-18,2026-09-18,1981-04-01,0.0438
2026-09-18,2026-09-18,1981-05-01,0.0446
2026-09-18,2026-09-18,1981-06-01,0.045
2026-09-18,2026-09-18,1981-07-01,0.0442
2026-09-18,2026-09-18,1981-08-01,0.0466
2026-09-18,2026-09-18,1981-09-01,0.048
2026-09-18,2026-09-18,1981-10-01,0.0491
2026-09-18,2026-09-18,1981-11-01,0.0491
2026-09-18,2026-09-18,1981-12-01,0.0496
2026-09-18,2026-09-18,1982-01-01,0.0491
2026-09-18,2026-09-18,1982-02-01,0.0512
2026-09-18,2026-09-18,1982-03-01,0.0508
2026-09-18,2026-09-18,1982-04-01,0.0508
2026-09-18,2026-09-18,1982-05-01,0.0515
2026-09-18,2026-09-18,1982-06-01,0.0523
2026-09-18,2026-09-18,1982-07-01,0.053
2026-09-18,2026-09-18,1982-08-01,0.0528
2026-09-18,2026-09-18,1982-09-01,0.0524
2026-09-18,2026-09-18,1982-10-01,0.0519
2026-09-18,2026-09-18,1982-11-01,0.0523
2026-09-18,2026-09-18,1982-12-01,0.0528
2026-09-18,2026-09-18,1983-01-01,0.0533
2026-09-18,2026-09-18,1983-02-01,0.0536
2026-09-18,2026-09-18,1983-03-01,0.0551
2026-09-18,2026-09-18,1983-04-01,0.056
2026-09-18,2026-09-18,1983-05-01,0.0574
2026-09-18,2026-09-18,1983-06-01,0.059
2026-09-18,2026-09-18,1983-07-01,0.0608
2026-09-18,2026-09-18,1983-08-01,0.0613
2026-09-18,2026-09-18,1983-09-01,0.0635
2026-09-18,2026-09-18,1983-10-01,0.0647
2026-09-18,2026-09-18,1983-11-01,0.0663
2026-09-18,2026-09-18,1983-12-01,0.0665
2026-09-18,2026-09-18,1984-01-01,0.0694
2026-09-18,2026-09-18,1984-02-01,0.0717
2026-09-18,2026-09-18,1984-03-01,0.0737
2026-09-18,2026-09-18,1984-04-01,0.0756
2026-09-18,2026-09-18,1984-05-01,0.0771
2026-09-18,2026-09-18,1984-06-01,0.0792
2026-09-18,2026-09-18,1984-07-01,0.0811
2026-09-18,2026-09-18,1984-08-01,0.0827
2026-09-18,2026-09-18,1984-09-01,0.0833
2026-09-18,2026-09-18,1984-10-01,0.0838
2026-09-18,2026-09-18,1984-11-01,0.0843
2026-09-18,2026-09-18,1984-12-01,0.0836
2026-09-18,2026-09-18,1985-01-01,0.0852
2026-09-18,2026-09-18,1985-02-01,0.0827
2026-09-18,2026-09-18,1985-03-01,0.0815
2026-09-18,2026-09-18,1985-04-01,0.078
2026-09-18,2026-09-18,1985-05-01,0.0795
2026-09-18,2026-09-18,1985-06-01,0.0796
2026-09-18,2026-09-18,1985-07-01,0.0761
2026-09-18,2026-09-18,1985-08-01,0.0761
2026-09-18,2026-09-18,1985-09-01,0.0746
2026-09-18,2026-09-18,1985-10-01,0.0745
2026-09-18,2026-09-18,1985-11-01,0.0748
2026-09-18,2026-09-18,1985-12-01,0.076
2026-09-18,2026-09-18,1986-01-01,0.0762
2026-09-18,2026-09-18,1986-02-01,0.0769
2026-09-18,2026-09-18,1986-03-01,0.0772
2026-09-18,2026-09-18,1986-04-01,0.0787
2026-09-18,2026-09-18,1986-05-01,0.0791
2026-09-18,2026-09-18,1986-06-01,0.0798
2026-09-18,2026-09-18,1986-07-01,0.0815
2026-09-18,2026-09-18,1986-08-01,0.0834
2026-09-18,2026-09-18,1986-09-01,0.085
2026-09-18,2026-09-18,1986-10-01,0.0856
2026-09-18,2026-09-18,1986-11-01,0.0873
2026-09-18,2026-09-18,1986-12-01,0.0902
2026-09-18,2026-09-18,1987-01-01,0.0924
2026-09-18,2026-09-18,1987-02-01,0.0941
2026-09-18,2026-09-18,1987-03-01,0.095
2026-09-18,2026-09-18,1987-04-01,0.0963
2026-09-18,2026-09-18,1987-05-01,0.0985
2026-09-18,2026-09-18,1987-06-01,0.1003
2026-09-18,2026-09-18,1987-07-01,0.1033
2026-09-18,2026-09-18,1987-08-01,0.1042
2026-09-18,2026-09-18,1987-09-01,0.1059
2026-09-18,2026-09-18,1987-10-01,0.1088
2026-09-18,2026-09-18,1987-11-01,0.1093
2026-09-18,2026-09-18,1987-12-01,0.1111
2026-09-18,2026-09-18,1988-01-01,0.1119
2026-09-18,2026-09-18,1988-02-01,0.1124
2026-09-18,2026-09-18,1988-03-01,0.1125
2026-09-18,2026-09-18,1988-04-01,0.1135
2026-09-18,2026-09-18,1988-05-01,0.115
2026-09-18,2026-09-18,1988-06-01,0.1168
2026-09-18,2026-09-18,1988-07-01,0.1184
2026-09-18,2026-09-18,1988-08-01,0.1197
2026-09-18,2026-09-18,1988-09-01,0.1212
2026-09-18,2026-09-18,1988-10-01,0.1225
2026-09-18,2026-09-18,1988-11-01,0.1249
2026-09-18,2026-09-18,1988-12-01,0.1264
2026-09-18,2026-09-18,1989-01-01,0.1256
2026-09-18,2026-09-18,1989-02-01,0.1247
2026-09-18,2026-09-18,1989-03-01,0.1231
2026-09-18,2026-09-18,1989-04-01,0.1253
2026-09-18,2026-09-18,1989-05-01,0.126
2026-09-18,2026-09-18,1989-06-01,0.128
2026-09-18,2026-09-18,1989-07-01,0.1284
2026-09-18,2026-09-18,1989-08-01,0.1324
2026-09-18,2026-09-18,1989-09-01,0.1351
2026-09-18,2026-09-18,1989-10-01,0.1366
2026-09-18,2026-09-18,1989-11-01,0.138
2026-09-18,2026-09-18,1989-12-01,0.1389
2026-09-18,2026-09-18,1990-01-01,0.1395
2026-09-18,2026-09-18,1990-02-01,0.1419
2026-09-18,2026-09-18,1990-03-01,0.1444
2026-09-18,2026-09-18,1990-04-01,0.1452
2026-09-18,2026-09-18,1990-05-01,0.146
2026-09-18,2026-09-18,1990-06-01,0.1475
2026-09-18,2026-09-18,1990-07-01,0.1474
2026-09-18,2026-09-18,1990-08-01,0.1482
2026-09-18,2026-09-18,1990-09-01,0.1509
2026-09-18,2026-09-18,1990-10-01,0.1523
2026-09-18,2026-09-18,1990-11-01,0.1538
2026-09-18,2026-09-18,1990-12-01,0.1547
2026-09-18,2026-09-18,1991-01-01,0.1565
2026-09-18,2026-09-18,1991-02-01,0.1601
2026-09-18,2026-09-18,1991-03-01,0.1621
2026-09-18,2026-09-18,1991-04-01,0.1624
2026-09-18,2026-09-18,1991-05-01,0.1664
2026-09-18,2026-09-18,1991-06-01,0.165
2026-09-18,2026-09-18,1991-07-01,0.1662
2026-09-18,2026-09-18,1991-08-01,0.168
2026-09-18,2026-09-18,1991-09-01,0.1661
2026-09-18,2026-09-18,1991-10-01,0.1678
2026-09-18,2026-09-18,1991-11-01,0.1677
2026-09-18,2026-09-18,1991-12-01,0.1697
2026-09-18,2026-09-18,1992-01-01,0.1758
2026-09-18,2026-09-18,1992-02-01,0.179
2026-09-18,2026-09-18,1992-03-01,0.1821
2026-09-18,2026-09-18,1992-04-01,0.1848
2026-09-18,2026-09-18,1992-05-01,0.1878
2026-09-18,2026-09-18,1992-06-01,0.1928
2026-09-18,2026-09-18,1992-07-01,0.1982
2026-09-18,2026-09-18,1992-08-01,0.2008
2026-09-18,2026-09-18,1992-09-01,0.204
2026-09-18,2026-09-18,1992-10-01,0.2103
2026-09-18,2026-09-18,1992-11-01,0.2149
2026-09-18,2026-09-18,1992-12-01,0.2146
2026-09-18,2026-09-18,1993-01-01,0.2128
2026-09-18,2026-09-18,1993-02-01,0.215
2026-09-18,2026-09-18,1993-03-01,0.2176
2026-09-18,2026-09-18,1993-04-01,0.2182
2026-09-18,2026-09-18,1993-05-01,0.2212
2026-09-18,2026-09-18,1993-06-01,0.2254
2026-09-18,2026-09-18,1993-07-01,0.2269
2026-09-18,2026-09-18,1993-08-01,0.2303
2026-09-18,2026-09-18,1993-09-01,0.2332
2026-09-18,2026-09-18,1993-10-01,0.236
2026-09-18,2026-09-18,1993-11-01,0.2399
2026-09-18,2026-09-18,1993-12-01,0.2475
2026-09-18,2026-09-18,1994-01-01,0.2558
2026-09-18,2026-09-18,1994-02-01,0.2601
2026-09-18,2026-09-18,1994-03-01,0.2706
2026-09-18,2026-09-18,1994-04-01,0.2861
2026-09-18,2026-09-18,1994-05-01,0.2958
2026-09-18,2026-09-18,1994-06-01,0.3017
2026-09-18,2026-09-18,1994-07-01,0.3114
2026-09-18,2026-09-18,1994-08-01,0.3214
2026-09-18,2026-09-18,1994-09-01,0.3338
2026-09-18,2026-09-18,1994-10-01,0.3459
2026-09-18,2026-09-18,1994-11-01,0.3574
2026-09-18,2026-09-18,1994-12-01,0.3717
2026-09-18,2026-09-18,1995-01-01,0.3842
2026-09-18,2026-09-18,1995-02-01,0.3956
2026-09-18,2026-09-18,1995-03-01,0.4131
2026-09-18,2026-09-18,1995-04-01,0.4298
2026-09-18,2026-09-18,1995-05-01,0.4461
2026-09-18,2026-09-18,1995-06-01,0.4564
2026-09-18,2026-09-18,1995-07-01,0.4639
2026-09-18,2026-09-18,1995-08-01,0.4874
2026-09-18,2026-09-18,1995-09-01,0.5123
2026-09-18,2026-09-18,1995-10-01,0.5304
2026-09-18,2026-09-18,1995-11-01,0.5456
2026-09-18,2026-09-18,1995-12-01,0.5774
2026-09-18,2026-09-18,1996-01-01,0.6106
2026-09-18,2026-09-18,1996-02-01,0.6485
2026-09-18,2026-09-18,1996-03-01,0.6694
2026-09-18,2026-09-18,1996-04-01,0.6876
2026-09-18,2026-09-18,1996-05-01,0.7103
2026-09-18,2026-09-18,1996-06-01,0.7316
2026-09-18,2026-09-18,1996-07-01,0.7598
2026-09-18,2026-09-18,1996-08-01,0.7907
2026-09-18,2026-09-18,1996-09-01,0.826
2026-09-18,2026-09-18,1996-10-01,0.8684
2026-09-18,2026-09-18,1996-11-01,0.8948
2026-09-18,2026-09-18,1996-12-01,0.9159
2026-09-18,2026-09-18,1997-01-01,0.9429
2026-09-18,2026-09-18,1997-02-01,0.9967
2026-09-18,2026-09-18,1997-03-01,1.0395
2026-09-18,2026-09-18,1997-04-01,1.0692
2026-09-18,2026-09-18,1997-05-01,1.1181
2026-09-18,2026-09-18,1997-06-01,1.1529
2026-09-18,2026-09-18,1997-07-01,1.179
2026-09-18,2026-09-18,1997-08-01,1.2498
2026-09-18,2026-09-18,1997-09-01,1.3198
2026-09-18,2026-09-18,1997-10-01,1.365
2026-09-18,2026-09-18,1997-11-01,1.4137
2026-09-18,2026-09-18,1997-12-01,1.4567
2026-09-18,2026-09-18,1998-01-01,1.4953
2026-09-18,2026-09-18,1998-02-01,1.5108
2026-09-18,2026-09-18,1998-03-01,1.5567
2026-09-18,2026-09-18,1998-04-01,1.6255
2026-09-18,2026-09-18,1998-05-01,1.6612
2026-09-18,2026-09-18,1998-06-01,1.7416
2026-09-18,2026-09-18,1998-07-01,1.8443
2026-09-18,2026-09-18,1998-08-01,1.9499
2026-09-18,2026-09-18,1998-09-01,2.0754
2026-09-18,2026-09-18,1998-10-01,2.1971
2026-09-18,2026-09-18,1998-11-01,2.2956
2026-09-18,2026-09-18,1998-12-01,2.3974
2026-09-18,2026-09-18,1999-01-01,2.5159
2026-09-18,2026-09-18,1999-02-01,2.6578
2026-09-18,2026-09-18,1999-03-01,2.7695
2026-09-18,2026-09-18,1999-04-01,2.9001
2026-09-18,2026-09-18,1999-05-01,3.0016
2026-09-18,2026-09-18,1999-06-01,3.1406
2026-09-18,2026-09-18,1999-07-01,3.3226
2026-09-18,2026-09-18,1999-08-01,3.3303
2026-09-18,2026-09-18,1999-09-01,3.316
2026-09-18,2026-09-18,1999-10-01,3.4435
2026-09-18,2026-09-18,1999-11-01,3.5989
2026-09-18,2026-09-18,1999-12-01,3.7129
2026-09-18,2026-09-18,2000-01-01,3.8242
2026-09-18,2026-09-18,2000-02-01,3.9538
2026-09-18,2026-09-18,2000-03-01,4.1437
2026-09-18,2026-09-18,2000-04-01,4.3987
2026-09-18,2026-09-18,2000-05-01,4.6495
2026-09-18,2026-09-18,2000-06-01,4.8245
2026-09-18,2026-09-18,2000-07-01,5.0148
2026-09-18,2026-09-18,2000-08-01,5.1304
2026-09-18,2026-09-18,2000-09-01,5.2296
2026-09-18,2026-09-18,2000-10-01,5.3454
2026-09-18,2026-09-18,2000-11-01,5.6206
2026-09-18,2026-09-18,2000-12-01,5.8121
2026-09-18,2026-09-18,2001-01-01,5.7257
2026-09-18,2026-09-18,2001-02-01,5.7342
2026-09-18,2026-09-18,2001-03-01,5.8272
2026-09-18,2026-09-18,2001-04-01,5.7419
2026-09-18,2026-09-18,2001-05-01,5.6638
2026-09-18,2026-09-18,2001-06-01,5.6131
2026-09-18,2026-09-18,2001-07-01,5.4644
2026-09-18,2026-09-18,2001-08-01,5.5089
2026-09-18,2026-09-18,2001-09-01,5.7111
2026-09-18,2026-09-18,2001-10-01,5.857
2026-09-18,2026-09-18,2001-11-01,5.9007
2026-09-18,2026-09-18,2001-12-01,6.1164
2026-09-18,2026-09-18,2002-01-01,6.3178
2026-09-18,2026-09-18,2002-02-01,6.5439
2026-09-18,2026-09-18,2002-03-01,6.7314
2026-09-18,2026-09-18,2002-04-01,6.9512
2026-09-18,2026-09-18,2002-05-01,7.0835
2026-09-18,2026-09-18,2002-06-01,7.2344
2026-09-18,2026-09-18,2002-07-01,7.3963
2026-09-18,2026-09-18,2002-08-01,7.5116
2026-09-18,2026-09-18,2002-09-01,7.6126
2026-09-18,2026-09-18,2002-10-01,7.7435
2026-09-18,2026-09-18,2002-11-01,7.8934
2026-09-18,2026-09-18,2002-12-01,7.9948
2026-09-18,2026-09-18,2003-01-01,8.2067
2026-09-18,2026-09-18,2003-02-01,8.4529
2026-09-18,2026-09-18,2003-03-01,8.676
2026-09-18,2026-09-18,2003-04-01,8.9298
2026-09-18,2026-09-18,2003-05-01,9.2791
2026-09-18,2026-09-18,2003-06-01,9.6911
2026-09-18,2026-09-18,2003-07-01,10.2447
2026-09-18,2026-09-18,2003-08-01,10.63
2026-09-18,2026-09-18,2003-09-01,11.0939
2026-09-18,2026-09-18,2003-10-01,11.5845
2026-09-18,2026-09-18,2003-11-01,11.852
2026-09-18,2026-09-18,2003-12-01,11.9937
2026-09-18,2026-09-18,2004-01-01,12.214
2026-09-18,2026-09-18,2004-02-01,12.5692
2026-09-18,2026-09-18,2004-03-01,12.9017
2026-09-18,2026-09-18,2004-04-01,13.1368
2026-09-18,2026-09-18,2004-05-01,13.4519
2026-09-18,2026-09-18,2004-06-01,13.6321
2026-09-18,2026-09-18,2004-07-01,13.5925
2026-09-18,2026-09-18,2004-08-01,13.7055
2026-09-18,2026-09-18,2004-09-01,13.9802
2026-09-18,2026-09-18,2004-10-01,14.132
2026-09-18,2026-09-18,2004-11-01,14.2041
2026-09-18,2026-09-18,2004-12-01,14.4964
2026-09-18,2026-09-18,2005-01-01,15.1064
2026-09-18,2026-09-18,2005-02-01,15.5615
2026-09-18,2026-09-18,2005-03-01,15.8473
2026-09-18,2026-09-18,2005-04-01,16.3077
2026-09-18,2026-09-18,2005-05-01,16.5451
2026-09-18,2026-09-18,2005-06-01,16.6198
2026-09-18,2026-09-18,2005-07-01,16.8462
2026-09-18,2026-09-18,2005-08-01,17.2688
2026-09-18,2026-09-18,2005-09-01,17.8727
2026-09-18,2026-09-18,2005-10-01,18.2454
2026-09-18,2026-09-18,2005-11-01,18.3095
2026-09-18,2026-09-18,2005-12-01,18.4353
2026-09-18,2026-09-18,2006-01-01,18.6578
2026-09-18,2026-09-18,2006-02-01,18.8265
2026-09-18,2026-09-18,2006-03-01,18.6596
2026-09-18,2026-09-18,2006-04-01,18.5237
2026-09-18,2026-09-18,2006-05-01,18.6315
2026-09-18,2026-09-18,2006-06-01,18.7664
2026-09-18,2026-09-18,2006-07-01,18.8488
2026-09-18,2026-09-18,2006-08-01,19.5032
2026-09-18,2026-09-18,2006-09-01,20.0895
2026-09-18,2026-09-18,2006-10-01,20.4337
2026-09-18,2026-09-18,2006-11-01,20.6995
2026-09-18,2026-09-18,2006-12-01,20.9612
2026-09-18,2026-09-18,2007-01-01,21.1248
2026-09-18,2026-09-18,2007-02-01,21.5223
2026-09-18,2026-09-18,2007-03-01,22.436
2026-09-18,2026-09-18,2007-04-01,23.3727
2026-09-18,2026-09-18,2007-05-01,23.8352
2026-09-18,2026-09-18,2007-06-01,24.5585
2026-09-18,2026-09-18,2007-07-01,25.5175
2026-09-18,2026-09-18,2007-08-01,25.9677
2026-09-18,2026-09-18,2007-09-01,26.5675
2026-09-18,2026-09-18,2007-10-01,27.7376
2026-09-18,2026-09-18,2007-11-01,28.8679
2026-09-18,2026-09-18,2007-12-01,29.9475
2026-09-18,2026-09-18,2008-01-01,30.1177
2026-09-18,2026-09-18,2008-02-01,31.2488
2026-09-18,2026-09-18,2008-03-01,32.2028
2026-09-18,2026-09-18,2008-04-01,32.2787
2026-09-18,2026-09-18,2008-05-01,32.6433
2026-09-18,2026-09-18,2008-06-01,32.8385
2026-09-18,2026-09-18,2008-07-01,31.9656
2026-09-18,2026-09-18,2008-08-01,31.6705
2026-09-18,2026-09-18,2008-09-01,31.1447
2026-09-18,2026-09-18,2008-10-01,28.9068
2026-09-18,2026-09-18,2008-11-01,25.8646
2026-09-18,2026-09-18,2008-12-01,22.8334
2026-09-18,2026-09-18,2009-01-01,22.0343
2026-09-18,2026-09-18,2009-02-01,22.8441
2026-09-18,2026-09-18,2009-03-01,23.913
2026-09-18,2026-09-18,2009-04-01,24.7332
2026-09-18,2026-09-18,2009-05-01,25.5275
2026-09-18,2026-09-18,2009-06-01,26.1622
2026-09-18,2026-09-18,2009-07-01,27.4351
2026-09-18,2026-09-18,2009-08-01,28.3187
2026-09-18,2026-09-18,2009-09-01,29.5858
2026-09-18,2026-09-18,2009-10-01,30.6717
2026-09-18,2026-09-18,2009-11-01,31.8411
2026-09-18,2026-09-18,2009-12-01,32.0448
2026-09-18,2026-09-18,2010-01-01,33.7322
2026-09-18,2026-09-18,2010-02-01,35.7536
2026-09-18,2026-09-18,2010-03-01,37.5441
2026-09-18,2026-09-18,2010-04-01,39.0069
2026-09-18,2026-09-18,2010-05-01,40.0477
2026-09-18,2026-09-18,2010-06-01,40.3856
2026-09-18,2026-09-18,2010-07-01,41.1499
2026-09-18,2026-09-18,2010-08-01,42.0441
2026-09-18,2026-09-18,2010-09-01,42.748
2026-09-18,2026-09-18,2010-10-01,43.6667
2026-09-18,2026-09-18,2010-11-01,45.3778
2026-09-18,2026-09-18,2010-12-01,47.5546
2026-09-18,2026-09-18,2011-01-01,49.019
2026-09-18,2026-09-18,2011-02-01,49.1393
2026-09-18,2026-09-18,2011-03-01,48.7506
2026-09-18,2026-09-18,2011-04-01,48.5322
2026-09-18,2026-09-18,2011-05-01,48.9391
2026-09-18,2026-09-18,2011-06-01,49.2931
2026-09-18,2026-09-18,2011-07-01,49.342
2026-09-18,2026-09-18,2011-08-01,50.5057
2026-09-18,2026-09-18,2011-09-01,50.6201
2026-09-18,2026-09-18,2011-10-01,50.4568
2026-09-18,2026-09-18,2011-11-01,50.7527
2026-09-18,2026-09-18,2011-12-01,51.5848
2026-09-18,2026-09-18,2012-01-01,52.3434
2026-09-18,2026-09-18,2012-02-01,53.6647
2026-09-18,2026-09-18,2012-03-01,54.4741
2026-09-18,2026-09-18,2012-04-01,55.2056
2026-09-18,2026-09-18,2012-05-01,56.1614
2026-09-18,2026-09-18,2012-06-01,57.0836
2026-09-18,2026-09-18,2012-07-01,56.6396
2026-09-18,2026-09-18,2012-08-01,55.7956
2026-09-18,2026-09-18,2012-09-01,56.9528
2026-09-18,2026-09-18,2012-10-01,58.3273
2026-09-18,2026-09-18,2012-11-01,57.9806
2026-09-18,2026-09-18,2012-12-01,58.276
2026-09-18,2026-09-18,2013-01-01,58.1864
2026-09-18,2026-09-18,2013-02-01,58.1349
2026-09-18,2026-09-18,2013-03-01,58.6516
2026-09-18,2026-09-18,2013-04-01,59.884
2026-09-18,2026-09-18,2013-05-01,60.6852
2026-09-18,2026-09-18,2013-06-01,61.5946
2026-09-18,2026-09-18,2013-07-01,62.85
2026-09-18,2026-09-18,2013-08-01,64.0812
2026-09-18,2026-09-18,2013-09-01,64.8199
2026-09-18,2026-09-18,2013-10-01,66.6476
2026-09-18,2026-09-18,2013-11-01,68.4382
2026-09-18,2026-09-18,2013-12-01,69.8379
2026-09-18,2026-09-18,2014-01-01,71.8338
2026-09-18,2026-09-18,2014-02-01,74.3339
2026-09-18,2026-09-18,2014-03-01,76.4107
2026-09-18,2026-09-18,2014-04-01,78.3018
2026-09-18,2026-09-18,2014-05-01,80.3546
2026-09-18,2026-09-18,2014-06-01,81.1773
2026-09-18,2026-09-18,2014-07-01,81.4431
2026-09-18,2026-09-18,2014-08-01,81.2871
2026-09-18,2026-09-18,2014-09-01,81.2173
2026-09-18,2026-09-18,2014-10-01,80.7258
2026-09-18,2026-09-18,2014-11-01,80.2229
2026-09-18,2026-09-18,2014-12-01,80.1476
2026-09-18,2026-09-18,2015-01-01,80.1115
2026-09-18,2026-09-18,2015-02-01,79.7089
2026-09-18,2026-09-18,2015-03-01,78.7264
2026-09-18,2026-09-18,2015-04-01,78.0287
2026-09-18,2026-09-18,2015-05-01,77.5113
2026-09-18,2026-09-18,2015-06-01,77.7173
2026-09-18,2026-09-18,2015-07-01,76.9416
2026-09-18,2026-09-18,2015-08-01,77.322
2026-09-18,2026-09-18,2015-09-01,78.0291
2026-09-18,2026-09-18,2015-10-01,78.3102
2026-09-18,2026-09-18,2015-11-01,78.8821
2026-09-18,2026-09-18,2015-12-01,80.4547
2026-09-18,2026-09-18,2016-01-01,80.624
2026-09-18,2026-09-18,2016-02-01,81.3226
2026-09-18,2026-09-18,2016-03-01,81.7675
2026-09-18,2026-09-18,2016-04-01,82.955
2026-09-18,2026-09-18,2016-05-01,84.4468
2026-09-18,2026-09-18,2016-06-01,85.9828
2026-09-18,2026-09-18,2016-07-01,88.403
2026-09-18,2026-09-18,2016-08-01,89.99
2026-09-18,2026-09-18,2016-09-01,91.7511
2026-09-18,2026-09-18,2016-10-01,93.6898
2026-09-18,2026-09-18,2016-11-01,94.4096
2026-09-18,2026-09-18,2016-12-01,94.991
2026-09-18,2026-09-18,2017-01-01,95.6996
2026-09-18,2026-09-18,2017-02-01,96.8644
2026-09-18,2026-09-18,2017-03-01,97.9667
2026-09-18,2026-09-18,2017-04-01,99.4458
2026-09-18,2026-09-18,2017-05-01,100.1456
2026-09-18,2026-09-18,2017-06-01,100.2831
2026-09-18,2026-09-18,2017-07-01,100.1293
2026-09-18,2026-09-18,2017-08-01,100.1895
2026-09-18,2026-09-18,2017-09-01,100.7648
2026-09-18,2026-09-18,2017-10-01,101.5288
2026-09-18,2026-09-18,2017-11-01,102.7545
2026-09-18,2026-09-18,2017-12-01,104.2279
2026-09-18,2026-09-18,2018-01-01,105.3186
2026-09-18,2026-09-18,2018-02-01,105.0084
2026-09-18,2026-09-18,2018-03-01,104.7029
2026-09-18,2026-09-18,2018-04-01,105.6117
2026-09-18,2026-09-18,2018-05-01,105.8783
2026-09-18,2026-09-18,2018-06-01,106.8108
2026-09-18,2026-09-18,2018-07-01,106.8383
2026-09-18,2026-09-18,2018-08-01,106.8009
2026-09-18,2026-09-18,2018-09-01,105.7947
2026-09-18,2026-09-18,2018-10-01,104.4552
2026-09-18,2026-09-18,2018-11-01,103.2209
2026-09-18,2026-09-18,2018-12-01,102.1217
2026-09-18,2026-09-18,2019-01-01,101.8818
2026-09-18,2026-09-18,2019-02-01,103.1751
2026-09-18,2026-09-18,2019-03-01,103.9548
2026-09-18,2026-09-18,2019-04-01,104.9363
2026-09-18,2026-09-18,2019-05-01,105.3309
2026-09-18,2026-09-18,2019-06-01,106.1206
2026-09-18,2026-09-18,2019-07-01,107.4128
2026-09-18,2026-09-18,2019-08-01,109.0928
2026-09-18,2026-09-18,2019-09-01,108.7969
2026-09-18,2026-09-18,2019-10-01,108.9329
2026-09-18,2026-09-18,2019-11-01,111.2914
2026-09-18,2026-09-18,2019-12-01,113.7337
2026-09-18,2026-09-18,2020-01-01,112.4892
2026-09-18,2026-09-18,2020-02-01,110.5394
2026-09-18,2026-09-18,2020-03-01,111.0584
2026-09-18,2026-09-18,2020-04-01,108.627
2026-09-18,2026-09-18,2020-05-01,108.1308
2026-09-18,2026-09-18,2020-06-01,110.2709
2026-09-18,2026-09-18,2020-07-01,112.2976
2026-09-18,2026-09-18,2020-08-01,113.4444
2026-09-18,2026-09-18,2020-09-01,116.9728
2026-09-18,2026-09-18,2020-10-01,121.5272
2026-09-18,2026-09-18,2020-11-01,123.026
2026-09-18,2026-09-18,2020-12-01,122.6249
2026-09-18,2026-09-18,2021-01-01,122.5563
2026-09-18,2026-09-18,2021-02-01,120.8549
2026-09-18,2026-09-18,2021-03-01,121.0571
2026-09-18,2026-09-18,2021-04-01,123.8447
2026-09-18,2026-09-18,2021-05-01,126.2187
2026-09-18,2026-09-18,2021-06-01,122.867
2026-09-18,2026-09-18,2021-07-01,118.5003
2026-09-18,2026-09-18,2021-08-01,118.6605
2026-09-18,2026-09-18,2021-09-01,119.0291
2026-09-18,2026-09-18,2021-10-01,121.5124
2026-09-18,2026-09-18,2021-11-01,124.6972
2026-09-18,2026-09-18,2021-12-01,126.0997
2026-09-18,2026-09-18,2022-01-01,128.1396
2026-09-18,2026-09-18,2022-02-01,131.6216
2026-09-18,2026-09-18,2022-03-01,132.3046
2026-09-18,2026-09-18,2022-04-01,130.6544
2026-09-18,2026-09-18,2022-05-01,131.2535
2026-09-18,2026-09-18,2022-06-01,132.9365
2026-09-18,2026-09-18,2022-07-01,133.5663
2026-09-18,2026-09-18,2022-08-01,133.6247
2026-09-18,2026-09-18,2022-09-01,134.1355
2026-09-18,2026-09-18,2022-10-01,133.0217
2026-09-18,2026-09-18,2022-11-01,131.6678
2026-09-18,2026-09-18,2022-12-01,129.3593
2026-09-18,2026-09-18,2023-01-01,128.2705
2026-09-18,2026-09-18,2023-02-01,128.6655
2026-09-18,2026-09-18,2023-03-01,128.5615
2026-09-18,2026-09-18,2023-04-01,131.1037
2026-09-18,2026-09-18,2023-05-01,132.0769
2026-09-18,2026-09-18,2023-06-01,132.9548
2026-09-18,2026-09-18,2023-07-01,132.6844
2026-09-18,2026-09-18,2023-08-01,132.1756
2026-09-18,2026-09-18,2023-09-01,132.3021
2026-09-18,2026-09-18,2023-10-01,134.4001
2026-09-18,2026-09-18,2023-11-01,136.0805
2026-09-18,2026-09-18,2023-12-01,137.7923
2026-09-18,2026-09-18,2024-01-01,138.6867
2026-09-18,2026-09-18,2024-02-01,138.0412
2026-09-18,2026-09-18,2024-03-01,139.2916
2026-09-18,2026-09-18,2024-04-01,142.4464
2026-09-18,2026-09-18,2024-05-01,144.4501
2026-09-18,2026-09-18,2024-06-01,143.517
2026-09-18,2026-09-18,2024-07-01,144.1713
2026-09-18,2026-09-18,2024-08-01,148.228
2026-09-18,2026-09-18,2024-09-01,150.6738
2026-09-18,2026-09-18,2024-10-01,151.6731
2026-09-18,2026-09-18,2024-11-01,151.9804
2026-09-18,2026-09-18,2024-12-01,153.8061
2026-09-18,2026-09-18,2025-01-01,159.1412
2026-09-18,2026-09-18,2025-02-01,162.2637
2026-09-18,2026-09-18,2025-03-01,164.3237
2026-09-18,2026-09-18,2025-04-01,165.3617
2026-09-18,2026-09-18,2025-05-01,165.6791
2026-09-18,2026-09-18,2025-06-01,167.1942
2026-09-18,2026-09-18,2025-07-01,172.1753
2026-09-18,2026-09-18,2025-08-01,172.8262
2026-09-18,2026-09-18,2025-09-01,173.1665
2026-09-18,2026-09-18,2025-10-01,176.3751
2026-09-18,2026-09-18,2025-11-01,178.2095
2026-09-18,2026-09-18,2025-12-01,181.0264
2026-09-18,2026-09-18,2026-01-01,186.72
2026-09-18,2026-09-18,2026-02-01,189.0681
2026-09-18,2026-09-18,2026-03-01,190.181
2026-09-18,2026-09-18,2026-04-01,195.2806
2026-09-18,2026-09-18,2026-05-01,203.1731
2026-09-18,2026-09-18,2026-06-01,208.6745
2026-09-18,2026-09-18,2026-07-01,211.3919
2026-09-18,2026-09-18,2026-08-01,211.4434
