date,inventory_usd,company
2009-09-03,987000000,Micron Technology
2009-12-03,1037000000,Micron Technology
2010-09-02,1770000000,Micron Technology
2010-12-02,1892000000,Micron Technology
2011-03-03,1957000000,Micron Technology
2011-06-02,2068000000,Micron Technology
2011-09-01,2080000000,Micron Technology
2011-12-01,2097000000,Micron Technology
2012-03-01,2081000000,Micron Technology
2012-05-31,1894000000,Micron Technology
2012-08-30,1812000000,Micron Technology
2012-11-29,1831000000,Micron Technology
2013-02-28,1721000000,Micron Technology
2013-05-30,1732000000,Micron Technology
2013-08-29,2649000000,Micron Technology
2013-11-28,2459000000,Micron Technology
2014-02-27,2462000000,Micron Technology
2014-05-29,2532000000,Micron Technology
2014-08-28,2455000000,Micron Technology
2014-12-04,2448000000,Micron Technology
2015-03-05,2377000000,Micron Technology
2015-06-04,2381000000,Micron Technology
2015-09-03,2340000000,Micron Technology
2015-12-03,2435000000,Micron Technology
2016-03-03,2608000000,Micron Technology
2016-06-02,2920000000,Micron Technology
2016-09-01,2889000000,Micron Technology
2016-12-01,2750000000,Micron Technology
2017-03-02,3000000000,Micron Technology
2017-06-01,3064000000,Micron Technology
2017-08-31,3123000000,Micron Technology
2017-11-30,3160000000,Micron Technology
2018-03-01,3184000000,Micron Technology
2018-05-31,3369000000,Micron Technology
2018-08-30,3595000000,Micron Technology
2018-08-31,3590000000,Micron Technology
2018-11-29,3876000000,Micron Technology
2019-02-28,4390000000,Micron Technology
2019-05-30,4905000000,Micron Technology
2019-08-29,5118000000,Micron Technology
2019-11-28,4943000000,Micron Technology
2020-02-27,5208000000,Micron Technology
2020-05-28,5405000000,Micron Technology
2020-09-03,5373000000,Micron Technology
2020-12-03,5521000000,Micron Technology
2021-03-04,4743000000,Micron Technology
2021-06-03,4537000000,Micron Technology
2021-09-02,4487000000,Micron Technology
2021-12-02,4827000000,Micron Technology
2022-03-03,5383000000,Micron Technology
2022-06-02,5629000000,Micron Technology
2022-09-01,6663000000,Micron Technology
2022-12-01,8359000000,Micron Technology
2023-03-02,8129000000,Micron Technology
2023-06-01,8238000000,Micron Technology
2023-08-31,8387000000,Micron Technology
2023-11-30,8276000000,Micron Technology
2024-02-29,8443000000,Micron Technology
2024-05-30,8512000000,Micron Technology
2024-08-29,8875000000,Micron Technology
2024-11-28,8705000000,Micron Technology
2025-02-27,9007000000,Micron Technology
2025-05-29,8727000000,Micron Technology
2025-08-28,8355000000,Micron Technology
2025-11-27,8205000000,Micron Technology
2026-02-26,8267000000,Micron Technology
2026-05-28,8567000000,Micron Technology
2008-12-31,1375000000,Texas Instruments
2009-06-30,1063000000,Texas Instruments
2009-09-30,1116000000,Texas Instruments
2009-12-31,1202000000,Texas Instruments
2010-03-31,1276000000,Texas Instruments
2010-09-30,1424000000,Texas Instruments
2010-12-31,1520000000,Texas Instruments
2011-03-31,1678000000,Texas Instruments
2011-06-30,1762000000,Texas Instruments
2011-09-30,1965000000,Texas Instruments
2011-12-31,1788000000,Texas Instruments
2012-03-31,1853000000,Texas Instruments
2012-06-30,1885000000,Texas Instruments
2012-09-30,1848000000,Texas Instruments
2012-12-31,1757000000,Texas Instruments
2013-03-31,1700000000,Texas Instruments
2013-06-30,1720000000,Texas Instruments
2013-09-30,1726000000,Texas Instruments
2013-12-31,1731000000,Texas Instruments
2014-03-31,1714000000,Texas Instruments
2014-06-30,1744000000,Texas Instruments
2014-09-30,1751000000,Texas Instruments
2014-12-31,1784000000,Texas Instruments
2015-03-31,1844000000,Texas Instruments
2015-06-30,1885000000,Texas Instruments
2015-09-30,1771000000,Texas Instruments
2015-12-31,1691000000,Texas Instruments
2016-03-31,1805000000,Texas Instruments
2016-06-30,1876000000,Texas Instruments
2016-09-30,1808000000,Texas Instruments
2016-12-31,1790000000,Texas Instruments
2017-03-31,1843000000,Texas Instruments
2017-06-30,1947000000,Texas Instruments
2017-09-30,1908000000,Texas Instruments
2017-12-31,1957000000,Texas Instruments
2018-03-31,2032000000,Texas Instruments
2018-06-30,2090000000,Texas Instruments
2018-09-30,2116000000,Texas Instruments
2018-12-31,2217000000,Texas Instruments
2019-03-31,2131000000,Texas Instruments
2019-06-30,2079000000,Texas Instruments
2019-09-30,2040000000,Texas Instruments
2019-12-31,2001000000,Texas Instruments
2020-03-31,2003000000,Texas Instruments
2020-06-30,2136000000,Texas Instruments
2020-09-30,2072000000,Texas Instruments
2020-12-31,1955000000,Texas Instruments
2021-03-31,1890000000,Texas Instruments
2021-06-30,1856000000,Texas Instruments
2021-09-30,1863000000,Texas Instruments
2021-12-31,1910000000,Texas Instruments
2022-03-31,2060000000,Texas Instruments
2022-06-30,2199000000,Texas Instruments
2022-09-30,2404000000,Texas Instruments
2022-12-31,2757000000,Texas Instruments
2023-03-31,3288000000,Texas Instruments
2023-06-30,3729000000,Texas Instruments
2023-09-30,3908000000,Texas Instruments
2023-12-31,3999000000,Texas Instruments
2024-03-31,4083000000,Texas Instruments
2024-06-30,4106000000,Texas Instruments
2024-09-30,4296000000,Texas Instruments
2024-12-31,4527000000,Texas Instruments
2025-03-31,4687000000,Texas Instruments
2025-06-30,4812000000,Texas Instruments
2025-09-30,4829000000,Texas Instruments
2025-12-31,4804000000,Texas Instruments
2026-03-31,4695000000,Texas Instruments
2026-06-30,4605000000,Texas Instruments
2008-11-01,314629000,Analog Devices
2009-08-01,276072000,Analog Devices
2009-10-31,253161000,Analog Devices
2010-01-30,243275000,Analog Devices
2010-05-01,247662000,Analog Devices
2010-07-31,265266000,Analog Devices
2010-10-30,277478000,Analog Devices
2011-01-29,282980000,Analog Devices
2011-04-30,293780000,Analog Devices
2011-07-30,299332000,Analog Devices
2011-10-29,295081000,Analog Devices
2012-02-04,297160000,Analog Devices
2012-05-05,303742000,Analog Devices
2012-08-04,312079000,Analog Devices
2012-11-03,313723000,Analog Devices
2013-02-02,307263000,Analog Devices
2013-05-04,298967000,Analog Devices
2013-08-03,284342000,Analog Devices
2013-11-02,283337000,Analog Devices
2014-02-01,289935000,Analog Devices
2014-05-03,298432000,Analog Devices
2014-08-02,415098000,Analog Devices
2014-11-01,367927000,Analog Devices
2015-01-31,367238000,Analog Devices
2015-05-02,394494000,Analog Devices
2015-08-01,424475000,Analog Devices
2015-10-31,412314000,Analog Devices
2016-01-30,404852000,Analog Devices
2016-04-30,399459000,Analog Devices
2016-07-30,392303000,Analog Devices
2016-10-29,376555000,Analog Devices
2017-01-28,365586000,Analog Devices
2017-04-29,647858000,Analog Devices
2017-07-29,519695000,Analog Devices
2017-10-28,550816000,Analog Devices
2018-02-03,559720000,Analog Devices
2018-05-05,551220000,Analog Devices
2018-08-04,563645000,Analog Devices
2018-11-03,586760000,Analog Devices
2019-02-02,593211000,Analog Devices
2019-05-04,608085000,Analog Devices
2019-08-03,638305000,Analog Devices
2019-11-02,609886000,Analog Devices
2020-02-01,588503000,Analog Devices
2020-05-02,590268000,Analog Devices
2020-08-01,612646000,Analog Devices
2020-10-31,608260000,Analog Devices
2021-01-30,618640000,Analog Devices
2021-05-01,641202000,Analog Devices
2021-07-31,657520000,Analog Devices
2021-10-30,1200610000,Analog Devices
2022-01-29,972571000,Analog Devices
2022-04-30,1075297000,Analog Devices
2022-07-30,1203394000,Analog Devices
2022-10-29,1399914000,Analog Devices
2023-01-28,1522942000,Analog Devices
2023-04-29,1648136000,Analog Devices
2023-07-29,1709313000,Analog Devices
2023-10-28,1642214000,Analog Devices
2024-02-03,1553221000,Analog Devices
2024-05-04,1479081000,Analog Devices
2024-08-03,1427936000,Analog Devices
2024-11-02,1447687000,Analog Devices
2025-02-01,1474656000,Analog Devices
2025-05-03,1524897000,Analog Devices
2025-08-02,1596853000,Analog Devices
2025-11-01,1656323000,Analog Devices
2026-01-31,1767104000,Analog Devices
2026-05-02,1848405000,Analog Devices
2026-08-01,1931496000,Analog Devices
2009-03-31,131510000,Microchip Technology
2009-09-30,108451000,Microchip Technology
2009-12-31,112784000,Microchip Technology
2010-03-31,116579000,Microchip Technology
2010-06-30,128129000,Microchip Technology
2010-09-30,166569000,Microchip Technology
2010-12-31,177705000,Microchip Technology
2011-03-31,180800000,Microchip Technology
2011-06-30,202455000,Microchip Technology
2011-09-30,211206000,Microchip Technology
2011-12-31,217853000,Microchip Technology
2012-03-31,217278000,Microchip Technology
2012-06-30,221481000,Microchip Technology
2012-09-30,289526000,Microchip Technology
2012-12-31,261594000,Microchip Technology
2013-03-31,242334000,Microchip Technology
2013-06-30,256136000,Microchip Technology
2013-09-30,275124000,Microchip Technology
2013-12-31,274629000,Microchip Technology
2014-03-31,262725000,Microchip Technology
2014-06-30,264505000,Microchip Technology
2014-09-30,275746000,Microchip Technology
2014-12-31,276143000,Microchip Technology
2015-03-31,279456000,Microchip Technology
2015-06-30,303690000,Microchip Technology
2015-09-30,363760000,Microchip Technology
2015-12-31,319524000,Microchip Technology
2016-03-31,306815000,Microchip Technology
2016-06-30,518431000,Microchip Technology
2016-09-30,424690000,Microchip Technology
2016-12-31,419618000,Microchip Technology
2017-03-31,417200000,Microchip Technology
2017-06-30,426843000,Microchip Technology
2017-09-30,456939000,Microchip Technology
2017-12-31,487065000,Microchip Technology
2018-03-31,476200000,Microchip Technology
2018-04-01,471100000,Microchip Technology
2018-06-30,1104800000,Microchip Technology
2018-09-30,836700000,Microchip Technology
2018-12-31,702500000,Microchip Technology
2019-03-31,711700000,Microchip Technology
2019-06-30,733100000,Microchip Technology
2019-09-30,734200000,Microchip Technology
2019-12-31,708800000,Microchip Technology
2020-03-31,685700000,Microchip Technology
2020-06-30,657200000,Microchip Technology
2020-09-30,661400000,Microchip Technology
2020-12-31,666100000,Microchip Technology
2021-03-31,665000000,Microchip Technology
2021-06-30,683800000,Microchip Technology
2021-09-30,713600000,Microchip Technology
2021-12-31,768200000,Microchip Technology
2022-03-31,854400000,Microchip Technology
2022-06-30,911800000,Microchip Technology
2022-09-30,1030300000,Microchip Technology
2022-12-31,1165400000,Microchip Technology
2023-03-31,1324900000,Microchip Technology
2023-06-30,1336400000,Microchip Technology
2023-09-30,1330900000,Microchip Technology
2023-12-31,1311100000,Microchip Technology
2024-03-31,1316000000,Microchip Technology
2024-06-30,1308000000,Microchip Technology
2024-09-30,1339600000,Microchip Technology
2024-12-31,1356300000,Microchip Technology
2025-03-31,1293500000,Microchip Technology
2025-06-30,1169100000,Microchip Technology
2025-09-30,1095300000,Microchip Technology
2025-12-31,1057700000,Microchip Technology
2026-03-31,1035400000,Microchip Technology
2026-06-30,1047300000,Microchip Technology
2009-01-25,537834000,NVIDIA
2009-07-26,279216000,NVIDIA
2009-10-25,277643000,NVIDIA
2010-01-31,330674000,NVIDIA
2010-05-02,388139000,NVIDIA
2010-08-01,434227000,NVIDIA
2010-10-31,377812000,NVIDIA
2011-01-30,345525000,NVIDIA
2011-05-01,380964000,NVIDIA
2011-07-31,361911000,NVIDIA
2011-10-30,319602000,NVIDIA
2012-01-29,340297000,NVIDIA
2012-04-29,342707000,NVIDIA
2012-07-29,387185000,NVIDIA
2012-10-28,428983000,NVIDIA
2013-01-27,412467000,NVIDIA
2013-04-28,377597000,NVIDIA
2013-07-28,378280000,NVIDIA
2013-10-27,380319000,NVIDIA
2014-01-26,387765000,NVIDIA
2014-04-27,393280000,NVIDIA
2014-07-27,387434000,NVIDIA
2014-10-26,408081000,NVIDIA
2015-01-25,483000000,NVIDIA
2015-04-26,438000000,NVIDIA
2015-07-26,441000000,NVIDIA
2015-10-25,425000000,NVIDIA
2016-01-31,418000000,NVIDIA
2016-05-01,394000000,NVIDIA
2016-07-31,521000000,NVIDIA
2016-10-30,679000000,NVIDIA
2017-01-29,794000000,NVIDIA
2017-04-30,821000000,NVIDIA
2017-07-30,855000000,NVIDIA
2017-10-29,857000000,NVIDIA
2018-01-28,796000000,NVIDIA
2018-04-29,797000000,NVIDIA
2018-07-29,1090000000,NVIDIA
2018-10-28,1417000000,NVIDIA
2019-01-27,1575000000,NVIDIA
2019-04-28,1426000000,NVIDIA
2019-07-28,1204000000,NVIDIA
2019-10-27,1047000000,NVIDIA
2020-01-26,979000000,NVIDIA
2020-04-26,1128000000,NVIDIA
2020-07-26,1401000000,NVIDIA
2020-10-25,1495000000,NVIDIA
2021-01-31,1826000000,NVIDIA
2021-05-02,1992000000,NVIDIA
2021-08-01,2114000000,NVIDIA
2021-10-31,2233000000,NVIDIA
2022-01-30,2605000000,NVIDIA
2022-05-01,3163000000,NVIDIA
2022-07-31,3889000000,NVIDIA
2022-10-30,4454000000,NVIDIA
2023-01-29,5159000000,NVIDIA
2023-04-30,4611000000,NVIDIA
2023-07-30,4319000000,NVIDIA
2023-10-29,4779000000,NVIDIA
2024-01-28,5282000000,NVIDIA
2024-04-28,5864000000,NVIDIA
2024-07-28,6675000000,NVIDIA
2024-10-27,7654000000,NVIDIA
2025-01-26,10080000000,NVIDIA
2025-04-27,11333000000,NVIDIA
2025-07-27,14962000000,NVIDIA
2025-10-26,19784000000,NVIDIA
2026-01-25,21403000000,NVIDIA
2026-04-26,25797000000,NVIDIA
2026-07-26,31575000000,NVIDIA
2008-12-27,3744000000,Intel
2009-06-27,2805000000,Intel
2009-09-26,2490000000,Intel
2009-12-26,2935000000,Intel
2010-03-27,2986000000,Intel
2010-06-26,3345000000,Intel
2010-09-25,3423000000,Intel
2010-12-25,3757000000,Intel
2011-04-02,4099000000,Intel
2011-07-02,4030000000,Intel
2011-10-01,3959000000,Intel
2011-12-31,4096000000,Intel
2012-03-31,4489000000,Intel
2012-06-30,4904000000,Intel
2012-09-29,5319000000,Intel
2012-12-29,4734000000,Intel
2013-03-30,4358000000,Intel
2013-06-29,4542000000,Intel
2013-09-28,4533000000,Intel
2013-12-28,4172000000,Intel
2014-03-29,3763000000,Intel
2014-06-28,3943000000,Intel
2014-09-27,4115000000,Intel
2014-12-27,4273000000,Intel
2015-03-28,4418000000,Intel
2015-06-27,4818000000,Intel
2015-09-26,4965000000,Intel
2015-12-26,5167000000,Intel
2016-04-02,5751000000,Intel
2016-07-02,5800000000,Intel
2016-10-01,5783000000,Intel
2016-12-31,5553000000,Intel
2017-04-01,5801000000,Intel
2017-07-01,6324000000,Intel
2017-09-30,6929000000,Intel
2017-12-30,6983000000,Intel
2018-03-31,7146000000,Intel
2018-06-30,7344000000,Intel
2018-09-29,7401000000,Intel
2018-12-29,7253000000,Intel
2019-03-30,7765000000,Intel
2019-06-29,8696000000,Intel
2019-09-28,8638000000,Intel
2019-12-28,8744000000,Intel
2020-03-28,9246000000,Intel
2020-06-27,8969000000,Intel
2020-09-26,9273000000,Intel
2020-12-26,8427000000,Intel
2021-03-27,8487000000,Intel
2021-06-26,8817000000,Intel
2021-09-25,9798000000,Intel
2021-12-25,10776000000,Intel
2022-04-02,11935000000,Intel
2022-07-02,12174000000,Intel
2022-10-01,12831000000,Intel
2022-12-31,13224000000,Intel
2023-04-01,12993000000,Intel
2023-07-01,11984000000,Intel
2023-09-30,11466000000,Intel
2023-12-30,11127000000,Intel
2024-03-30,11494000000,Intel
2024-06-29,11244000000,Intel
2024-09-28,12062000000,Intel
2024-12-28,12198000000,Intel
2025-03-29,12281000000,Intel
2025-06-28,11377000000,Intel
2025-09-27,11489000000,Intel
2025-12-27,11618000000,Intel
2026-03-28,12426000000,Intel
2026-06-27,12492000000,Intel
2009-12-26,567000000,AMD
2010-06-26,581000000,AMD
2010-09-25,622000000,AMD
2010-12-25,632000000,AMD
2011-04-02,648000000,AMD
2011-07-02,642000000,AMD
2011-10-01,540000000,AMD
2011-12-31,476000000,AMD
2012-03-31,585000000,AMD
2012-06-30,833000000,AMD
2012-09-29,744000000,AMD
2012-12-29,562000000,AMD
2013-03-30,613000000,AMD
2013-06-29,711000000,AMD
2013-09-28,922000000,AMD
2013-12-28,884000000,AMD
2014-03-29,869000000,AMD
2014-06-28,960000000,AMD
2014-09-27,897000000,AMD
2014-12-27,685000000,AMD
2015-03-28,688000000,AMD
2015-06-27,799000000,AMD
2015-09-26,761000000,AMD
2015-12-26,678000000,AMD
2016-03-26,675000000,AMD
2016-06-25,743000000,AMD
2016-09-24,772000000,AMD
2016-12-31,691000000,AMD
2017-04-01,839000000,AMD
2017-07-01,833000000,AMD
2017-09-30,794000000,AMD
2017-12-30,694000000,AMD
2018-03-31,715000000,AMD
2018-06-30,750000000,AMD
2018-09-29,738000000,AMD
2018-12-29,845000000,AMD
2019-03-30,955000000,AMD
2019-06-29,1015000000,AMD
2019-09-28,1040000000,AMD
2019-12-28,982000000,AMD
2020-03-28,1056000000,AMD
2020-06-27,1324000000,AMD
2020-09-26,1292000000,AMD
2020-12-26,1399000000,AMD
2021-03-27,1653000000,AMD
2021-06-26,1765000000,AMD
2021-09-25,1902000000,AMD
2021-12-25,1955000000,AMD
2022-03-26,2431000000,AMD
2022-06-25,2648000000,AMD
2022-09-24,3369000000,AMD
2022-12-31,3771000000,AMD
2023-04-01,4235000000,AMD
2023-07-01,4567000000,AMD
2023-09-30,4445000000,AMD
2023-12-30,4351000000,AMD
2024-03-30,4652000000,AMD
2024-06-29,4991000000,AMD
2024-09-28,5374000000,AMD
2024-12-28,5734000000,AMD
2025-03-29,6416000000,AMD
2025-06-28,6677000000,AMD
2025-09-27,7313000000,AMD
2025-12-27,7920000000,AMD
2026-03-28,8045000000,AMD
2026-06-27,8468000000,AMD
2008-10-26,1987017000,Applied Materials
2009-07-26,1748507000,Applied Materials
2009-10-25,1627457000,Applied Materials
2010-01-31,1664269000,Applied Materials
2010-05-02,1690445000,Applied Materials
2010-08-01,1590052000,Applied Materials
2010-10-31,1547000000,Applied Materials
2011-01-30,1647000000,Applied Materials
2011-05-01,1794000000,Applied Materials
2011-07-31,1849000000,Applied Materials
2011-10-30,1701000000,Applied Materials
2012-01-29,1772000000,Applied Materials
2012-04-29,1594000000,Applied Materials
2012-07-29,1380000000,Applied Materials
2012-10-28,1272000000,Applied Materials
2013-01-27,1278000000,Applied Materials
2013-04-28,1318000000,Applied Materials
2013-07-28,1358000000,Applied Materials
2013-10-27,1413000000,Applied Materials
2014-01-26,1533000000,Applied Materials
2014-04-27,1564000000,Applied Materials
2014-07-27,1547000000,Applied Materials
2014-10-26,1567000000,Applied Materials
2015-01-25,1641000000,Applied Materials
2015-04-26,1713000000,Applied Materials
2015-07-26,1739000000,Applied Materials
2015-10-25,1833000000,Applied Materials
2016-01-31,1835000000,Applied Materials
2016-05-01,1924000000,Applied Materials
2016-07-31,2026000000,Applied Materials
2016-10-30,2050000000,Applied Materials
2017-01-29,2281000000,Applied Materials
2017-04-30,2609000000,Applied Materials
2017-07-30,2876000000,Applied Materials
2017-10-29,2707000000,Applied Materials
2018-01-28,3125000000,Applied Materials
2018-04-29,3494000000,Applied Materials
2018-07-29,3681000000,Applied Materials
2018-10-28,3721000000,Applied Materials
2019-01-27,3703000000,Applied Materials
2019-04-28,3677000000,Applied Materials
2019-07-28,3539000000,Applied Materials
2019-10-27,3474000000,Applied Materials
2020-01-26,3472000000,Applied Materials
2020-04-26,3725000000,Applied Materials
2020-07-26,3952000000,Applied Materials
2020-10-25,3904000000,Applied Materials
2021-01-31,3925000000,Applied Materials
2021-05-02,4053000000,Applied Materials
2021-08-01,4117000000,Applied Materials
2021-10-31,4309000000,Applied Materials
2022-01-30,4526000000,Applied Materials
2022-05-01,5009000000,Applied Materials
2022-07-31,5506000000,Applied Materials
2022-10-30,5932000000,Applied Materials
2023-01-29,6054000000,Applied Materials
2023-04-30,5940000000,Applied Materials
2023-07-30,5809000000,Applied Materials
2023-10-29,5725000000,Applied Materials
2024-01-28,5646000000,Applied Materials
2024-04-28,5691000000,Applied Materials
2024-07-28,5568000000,Applied Materials
2024-10-27,5421000000,Applied Materials
2025-01-26,5501000000,Applied Materials
2025-04-27,5656000000,Applied Materials
2025-07-27,5807000000,Applied Materials
2025-10-26,5915000000,Applied Materials
2026-01-25,5997000000,Applied Materials
2026-04-26,6343000000,Applied Materials
2026-07-26,6564000000,Applied Materials
2010-06-27,318479000,Lam Research
2010-09-26,338335000,Lam Research
2010-12-26,333874000,Lam Research
2011-03-27,355734000,Lam Research
2011-06-26,396607000,Lam Research
2011-09-25,396301000,Lam Research
2011-12-25,373130000,Lam Research
2012-03-25,376126000,Lam Research
2012-06-24,632853000,Lam Research
2012-09-23,567920000,Lam Research
2012-12-23,530272000,Lam Research
2013-03-31,545036000,Lam Research
2013-06-30,559317000,Lam Research
2013-09-29,614790000,Lam Research
2013-12-29,661572000,Lam Research
2014-03-30,717356000,Lam Research
2014-06-29,740503000,Lam Research
2014-09-28,815612000,Lam Research
2014-12-28,913390000,Lam Research
2015-03-29,919679000,Lam Research
2015-06-28,943346000,Lam Research
2015-09-27,916683000,Lam Research
2015-12-27,879821000,Lam Research
2016-03-27,934932000,Lam Research
2016-06-26,971911000,Lam Research
2016-09-25,931581000,Lam Research
2016-12-25,1018891000,Lam Research
2017-03-26,1133196000,Lam Research
2017-06-25,1232916000,Lam Research
2017-09-24,1328297000,Lam Research
2017-12-24,1507435000,Lam Research
2018-03-25,1693128000,Lam Research
2018-06-24,1876162000,Lam Research
2018-09-23,1874194000,Lam Research
2018-12-23,1703307000,Lam Research
2019-03-31,1622242000,Lam Research
2019-06-30,1540140000,Lam Research
2019-09-29,1483385000,Lam Research
2019-12-29,1528620000,Lam Research
2020-03-29,1674740000,Lam Research
2020-06-28,1900024000,Lam Research
2020-09-27,2138050000,Lam Research
2020-12-27,2348955000,Lam Research
2021-03-28,2552032000,Lam Research
2021-06-27,2689294000,Lam Research
2021-09-26,2872141000,Lam Research
2021-12-26,3074177000,Lam Research
2022-03-27,3479332000,Lam Research
2022-06-26,3966294000,Lam Research
2022-09-25,4360325000,Lam Research
2022-12-25,4819966000,Lam Research
2023-03-26,4881935000,Lam Research
2023-06-25,4816190000,Lam Research
2023-09-24,4747781000,Lam Research
2023-12-24,4429906000,Lam Research
2024-03-31,4322967000,Lam Research
2024-06-30,4217924000,Lam Research
2024-09-29,4209878000,Lam Research
2024-12-29,4358152000,Lam Research
2025-03-30,4463275000,Lam Research
2025-06-29,4307991000,Lam Research
2025-09-28,4095054000,Lam Research
2025-12-28,4037682000,Lam Research
2026-03-29,3999992000,Lam Research
2026-06-28,4276111000,Lam Research
2010-06-30,401730000,KLA Corporation
2010-12-31,504697000,KLA Corporation
2011-03-31,556798000,KLA Corporation
2011-06-30,575730000,KLA Corporation
2011-09-30,612603000,KLA Corporation
2011-12-31,639641000,KLA Corporation
2012-03-31,650476000,KLA Corporation
2012-06-30,650802000,KLA Corporation
2012-09-30,689713000,KLA Corporation
2012-12-31,662735000,KLA Corporation
2013-03-31,649822000,KLA Corporation
2013-06-30,634448000,KLA Corporation
2013-09-30,660276000,KLA Corporation
2013-12-31,663040000,KLA Corporation
2014-03-31,680919000,KLA Corporation
2014-06-30,656457000,KLA Corporation
2014-09-30,676241000,KLA Corporation
2014-12-31,662799000,KLA Corporation
2015-03-31,632353000,KLA Corporation
2015-06-30,617904000,KLA Corporation
2015-09-30,650496000,KLA Corporation
2015-12-31,691786000,KLA Corporation
2016-03-31,721493000,KLA Corporation
2016-06-30,698635000,KLA Corporation
2016-09-30,703262000,KLA Corporation
2016-12-31,671172000,KLA Corporation
2017-03-31,696784000,KLA Corporation
2017-06-30,732988000,KLA Corporation
2017-09-30,762401000,KLA Corporation
2017-12-31,787971000,KLA Corporation
2018-03-31,858924000,KLA Corporation
2018-06-30,931845000,KLA Corporation
2018-09-30,993527000,KLA Corporation
2018-12-31,1005990000,KLA Corporation
2019-03-31,1317260000,KLA Corporation
2019-06-30,1262500000,KLA Corporation
2019-09-30,1254240000,KLA Corporation
2019-12-31,1251400000,KLA Corporation
2020-03-31,1264130000,KLA Corporation
2020-06-30,1310985000,KLA Corporation
2020-09-30,1394225000,KLA Corporation
2020-12-31,1420618000,KLA Corporation
2021-03-31,1450588000,KLA Corporation
2021-06-30,1575380000,KLA Corporation
2021-09-30,1715339000,KLA Corporation
2021-12-31,1829412000,KLA Corporation
2022-03-31,1982297000,KLA Corporation
2022-06-30,2146889000,KLA Corporation
2022-09-30,2408325000,KLA Corporation
2022-12-31,2535375000,KLA Corporation
2023-03-31,2749743000,KLA Corporation
2023-06-30,2876784000,KLA Corporation
2023-09-30,3007705000,KLA Corporation
2023-12-31,3038628000,KLA Corporation
2024-03-31,3007053000,KLA Corporation
2024-06-30,3034781000,KLA Corporation
2024-09-30,3109837000,KLA Corporation
2024-12-31,3046340000,KLA Corporation
2025-03-31,3155777000,KLA Corporation
2025-06-30,3212149000,KLA Corporation
2025-09-30,3297368000,KLA Corporation
2025-12-31,3282605000,KLA Corporation
2026-03-31,3437046000,KLA Corporation
2026-06-30,3648538000,KLA Corporation
