ds,yhat,yhat_lower,yhat_upper
1954-01-01,-0.15606077948744987,-5.419482735903513,5.480005444470959
1954-02-01,-0.022691904358930315,-5.787308386390103,5.363879663509173
1954-03-01,-0.020692229236566634,-5.512234838254854,5.348462744048721
1954-04-01,0.030574282148145532,-5.6029236882194295,5.513882699648189
1954-05-01,0.13137345119968216,-5.155493028975878,5.812686589072883
1954-06-01,0.1858809055031317,-5.19661617327208,5.742067607034223
1954-07-01,0.20164690695273615,-5.010198354955244,5.481867972510136
1954-08-01,0.23729337100841175,-5.367375250545931,5.300742208653212
1954-09-01,-0.4089363828381255,-5.575546948825494,5.788631718164714
1954-10-01,-0.3160343934211512,-5.834379302740576,5.028760565894177
1954-11-01,-0.2388052362967439,-5.734388177422655,5.519499285385424
1954-12-01,-0.17089348878720761,-5.65167652896249,5.452071217956083
1955-01-01,-0.18480190473568747,-6.36489749347614,5.652100540202446
1955-02-01,-0.24134639803406888,-5.995272758779727,4.8646640530460035
1955-03-01,0.14301710471114187,-4.9846503787894765,5.6475388866446785
1955-04-01,0.06020002538774563,-5.744198477727128,5.955124040175323
1955-05-01,0.08216923353603856,-5.712965766780665,5.68530651248067
1955-06-01,0.17780196642884702,-5.022394900711385,6.221800730133034
1955-07-01,0.23914236419142465,-5.513780741736179,5.2963691021634896
1955-08-01,0.3404708881555588,-5.370776511013896,5.544270867085136
1955-09-01,-0.5214104230060842,-5.994291244447613,5.495528593576984
1955-10-01,-0.3964443236276627,-5.406004204097746,4.985133130089375
1955-11-01,-0.16850762821863913,-5.591270404535115,5.4215649418365714
1955-12-01,0.0016869873247482847,-5.401157090928609,5.452253451234277
1956-01-01,-0.21885653923403492,-5.901333628979392,5.772233191353133
1956-02-01,-0.4587858754106147,-5.952992626338321,4.851072366435575
1956-03-01,-0.31773721117386655,-6.285222190242095,5.503014785128216
1956-04-01,-0.012425091322952414,-5.613607731236378,5.632389716079728
1956-05-01,0.24965532048573616,-5.275258511257398,5.874178682471359
1956-06-01,0.22722433253301924,-5.471521708210234,5.758576439222858
1956-07-01,0.1513297841121512,-5.540883229923831,5.68243494708562
1956-08-01,0.045427883484497666,-5.490527990370854,5.449595848455992
1956-09-01,-0.16881543009035782,-5.46015964352548,5.569653266641387
1956-10-01,-0.12445236999911516,-5.474775342328391,5.711870808215382
1956-11-01,-0.34616227580862663,-5.628047110947589,5.109411687675403
1956-12-01,-0.5000226942324865,-5.869079641387027,4.835821586123324
1957-01-01,-0.11077004796570486,-5.629643553310291,5.467768384691389
1957-02-01,0.21884674358193018,-5.136979961242084,5.665514832070248
1957-03-01,-0.15971513856872996,-5.4906569795946485,5.249092890120279
1957-04-01,0.020955229413469584,-5.912178984063385,5.1190924415936
1957-05-01,0.20182977641291677,-5.470546792647814,6.06905222527153
1957-06-01,0.21697120572558545,-5.3898586980547645,5.545924797987822
1957-07-01,0.18696586775786436,-5.297294632696031,5.42557325717206
1957-08-01,0.1535268516528745,-5.695244594123233,6.237897796887766
1957-09-01,-0.2767493497352714,-5.907256508017665,5.4977343822462785
1957-10-01,-0.21072308243868326,-5.67784581183503,4.973712167893071
1957-11-01,-0.28344481786872344,-5.989519949798246,4.956108417792653
1957-12-01,-0.3235890436204663,-6.153600646105953,4.8963200524269945
1958-01-01,-0.13414668149745695,-5.708586520407249,4.949804218731979
1958-02-01,-0.000777806592893282,-5.293991386197346,5.70813902530453
1958-03-01,0.0012218683271346675,-5.411383563694778,5.546918957115472
1958-04-01,0.05248837948708057,-5.318021168433414,5.589092128476624
1958-05-01,0.15328754832176938,-4.842521494277677,5.538324688905737
1958-06-01,0.20779500240094223,-5.598979636583743,5.767857199539469
1958-07-01,0.2235610036334766,-5.59508977660268,5.749616099103857
1958-08-01,0.25920746746514073,-4.632116376238571,5.754173649197824
1958-09-01,-0.3870222866055156,-6.058712972262095,5.270424921710853
1958-10-01,-0.2941202956438931,-5.604992724780352,5.182960897444139
1958-11-01,-0.2168911369232257,-5.923597079334852,5.416477367729935
1958-12-01,-0.1489793878692285,-5.820529695762154,5.275148060994924
1959-01-01,-0.1628878022210209,-5.931012328060957,4.927163806019839
1959-02-01,-0.21943229392354724,-5.563248339716348,5.242801509925341
1959-03-01,0.16493121026367993,-5.272942453449053,5.675449895606505
1959-04-01,0.08211413253703143,-5.436583418787041,5.613750268921174
1959-05-01,0.1040833422297284,-5.579876942700541,5.778775306311084
1959-06-01,0.1997160767186824,-4.925982973718725,5.699627078906793
1959-07-01,0.26105647602637067,-5.093266306427396,5.594647539973737
1959-08-01,0.3623850015865234,-5.314428104274388,5.8147517061061
1959-09-01,-0.4994963079790796,-5.530510658338682,5.1299265097350935
1959-10-01,-0.3745302070558157,-5.904705726089069,4.761286543837602
1959-11-01,-0.14659351005040885,-5.802398725225896,5.519530509595128
1959-12-01,0.023601107038308367,-5.360449666047046,5.847279287297011
1960-01-01,-0.19694241792471695,-5.94165120463787,5.660208683533595
1960-02-01,-0.43687175250488197,-6.188154317837326,5.22960081809797
1960-03-01,-0.2958230867752672,-6.0224002555682,5.588849387318845
1960-04-01,0.009489034672371,-5.300471981239247,5.76839562551122
1960-05-01,0.2715694480258828,-4.7137290738506765,5.941238188499184
1960-06-01,0.24913846189380545,-5.604408594770123,6.070581729984214
1960-07-01,0.17324391523449642,-5.596133831849621,5.617006532424292
1960-08-01,0.06734201642690327,-5.147487233745325,5.7956517981587075
1960-09-01,-0.14690129532727864,-5.6266634069477695,5.265684519283425
1960-10-01,-0.10253823347397913,-5.316859924831934,5.800021828875204
1960-11-01,-0.3242481374631345,-5.911159151268845,5.538167352274231
1960-12-01,-0.47810855412530184,-5.943965251244884,5.1861272845387925
1961-01-01,-0.0888559060380095,-5.62247322513321,5.839730017546485
1961-02-01,0.24076089268236459,-4.884539717098396,5.958393805737456
1961-03-01,-0.13780098298914553,-5.39166571472771,5.802486380062783
1961-04-01,0.04286939216552341,-5.942242469241719,5.440271399863607
1961-05-01,0.2237439461060645,-5.269186835252114,5.855851742962982
1961-06-01,0.23888538259181094,-5.5741291280086855,5.9507521984302985
1961-07-01,0.20888005156542416,-5.145608393821042,5.890417034490137
1961-08-01,0.17544104263324206,-5.422249444896492,5.964857693792168
1961-09-01,-0.25483515158174425,-5.54089428676895,5.437943088376851
1961-10-01,-0.18880887734418753,-5.89256218804322,5.559477521745211
1961-11-01,-0.2615306056014512,-5.972746709430803,5.409320658727454
1961-12-01,-0.30167482441158877,-6.085911967476165,5.011932921930589
1962-01-01,-0.11223245511590868,-5.507121457695873,5.624141236465277
1962-02-01,0.02113642696166637,-5.701772352422395,5.955466282136958
1962-03-01,0.02313610836010427,-5.269378785050201,5.530818641816616
1962-04-01,0.0744026266930071,-5.221330267603326,5.354430500206536
1962-05-01,0.17520180246890377,-5.712042416428292,5.795809532336431
1962-06-01,0.22970926372075903,-5.38491627276438,5.621619468702535
1962-07-01,0.24547527189487767,-5.691181945492508,5.73964079021438
1962-08-01,0.28112174289959735,-5.348599026065678,5.561909381875039
1962-09-01,-0.3651080039985825,-5.9940765511173035,5.266840312945633
1962-10-01,-0.2722060078573091,-5.588867072758337,5.0297106559962055
1962-11-01,-0.19497684378443772,-5.6095832982410405,5.188573320759
1962-12-01,-0.12706508955075785,-5.512167950634481,5.741697785738335
1963-01-01,-0.14097349855029392,-5.908913390653742,5.409307687816092
1963-02-01,-0.1975179849003686,-5.494836130590311,5.2467898978832155
1963-03-01,0.18684552412117578,-5.478535709456172,5.762636967615913
1963-04-01,0.10402845174651651,-5.953950937511492,5.679373314074209
1963-05-01,0.12599766317379538,-5.355655728726072,5.713382321432551
1963-06-01,0.22163039945477525,-5.4699939519091325,5.483190452365364
1963-07-01,0.28297080049698997,-5.409485514064707,5.888170093271645
1963-08-01,0.3842993278494149,-5.432162786833296,6.096213479241542
1963-09-01,-0.4775819799240376,-6.106752511284658,4.71538903427034
1963-10-01,-0.3526158772663943,-6.004330420575144,5.303059088231199
1963-11-01,-0.12467917846863505,-6.040781991724868,6.253469960624456
1963-12-01,0.04551544035423702,-5.3654110022356525,5.684957974631934
1964-01-01,-0.1750280828164041,-5.67285123138676,5.514733418589802
1964-02-01,-0.41495741560461985,-5.838431525931844,4.9822624072122474
1964-03-01,-0.27390874819801275,-5.863689835364424,5.292316000512855
1964-04-01,0.031403375041579695,-5.734459340848624,5.6036112610783935
1964-05-01,0.29348379012956405,-4.892156394413809,6.214612129195596
1964-06-01,0.2710528057896092,-5.409151373916045,5.864234512397334
1964-07-01,0.19515826086471438,-5.110728457041588,5.638415084553173
1964-08-01,0.08925636384957544,-5.919745874337886,5.571691903659942
1964-09-01,-0.12498694611249819,-5.459415376860657,5.4441828764265265
1964-10-01,-0.0806238825249556,-5.617279500479598,5.764482412363844
1964-11-01,-0.30233378472181727,-5.728223395132954,5.182837652439606
1964-12-01,-0.45619419964948493,-5.945895143100316,5.42766135385836
1965-01-01,-0.0669415497701267,-5.622261612939575,5.348582075939914
1965-02-01,0.2626752453902147,-5.237673531408142,5.431061388464606
1965-03-01,-0.11588663349687477,-5.64827030071116,5.398117213553013
1965-04-01,0.06478373809779284,-5.675524597053912,5.192336550371532
1965-05-01,0.24565828859306854,-5.435483363476923,5.949674884570887
1965-06-01,0.260799721518856,-5.184498876435123,5.939198280267084
1965-07-01,0.2307943870471407,-5.22898694480203,5.910506850948628
1965-08-01,0.19735537455503527,-5.5586974996539125,5.946644370154069
1965-09-01,-0.23292079848484487,-5.820764568771978,5.507859359218487
1965-10-01,-0.16689450375487944,-5.478414185735367,5.254915570726397
1965-11-01,-0.2396162108367819,-6.031585332023962,5.315631196964158
1965-12-01,-0.2797604091546958,-6.056084572140968,5.8610317414079836
1966-01-01,-0.09031801868367165,-5.592801789018692,5.720013267855681
1966-02-01,0.04305088456905656,-5.1461629144558865,5.826316458183365
1966-03-01,0.04505058509385018,-4.792840070929695,5.528772775685005
1966-04-01,0.096317124602075,-5.5996926610737825,6.010712113592471
1966-05-01,0.1971163208703429,-5.252499263181117,5.717349942953298
1966-06-01,0.25162380329761147,-5.048664075534433,5.905624295060733
1966-07-01,0.26738983196393107,-5.377615862527024,5.663315945357842
1966-08-01,0.3030363241440537,-5.125505846258921,5.985600143980163
1966-09-01,-0.343193401578891,-5.266901792302451,5.336084815394713
1966-10-01,-0.2502913849453482,-5.3678362903276575,5.545344938089848
1966-11-01,-0.17306219969694941,-5.379598667350471,5.298947149087024
1966-12-01,-0.1051504249712083,-5.256051366507595,5.741063937221104
1967-01-01,-0.11905881279521646,-5.704849601816438,5.607925598760867
1967-02-01,-0.17560327797003322,-5.54766960541471,5.348599934039972
1967-03-01,0.20876025017764888,-4.945883375417749,6.404813552676379
1967-04-01,0.12594319897847356,-5.189043246679054,5.289768221185052
1967-05-01,0.1479124343432283,-5.5849038219699825,5.571437522014393
1967-06-01,0.24354519535977637,-5.324764469236064,5.572042284996019
1967-07-01,0.30488562033934424,-5.072469338055858,5.40277498482593
1967-08-01,0.40621417242723273,-5.224140318859668,5.996227207558949
1967-09-01,-0.4556671106108846,-6.091623960628502,5.13165793363935
1967-10-01,-0.33070098401567627,-5.920634096539554,5.133406263850338
1967-11-01,-0.1027642604824608,-5.580206383100485,5.268072123405364
1967-12-01,0.06743038227802275,-5.098196762946274,5.3604540161731995
1968-01-01,-0.1531131217611739,-6.146247479150105,5.35550486867915
1968-02-01,-0.3930424354177088,-5.585763772649374,5.2271318920668035
1968-03-01,-0.2519937501138282,-5.906594192054985,5.375340167665439
1968-04-01,0.05331839225732313,-5.181787078079646,5.8641340730130755
1968-05-01,0.3153988258596505,-4.988121492711438,5.987528497015417
1968-06-01,0.29296786065123137,-5.156028956699832,5.662282237039375
1968-07-01,0.217073334240835,-5.7291751262925645,5.996047812659104
1968-08-01,0.11117145635736589,-5.250602224077382,5.594092161797257
1968-09-01,-0.10307183447327556,-5.6238210169690905,5.52935548255601
1968-10-01,-0.058708752371303935,-5.86926584883096,5.622446452148033
1968-11-01,-0.2804186354365012,-6.0320721329318046,5.133826829893
1968-12-01,-0.434279031849644,-5.749137457535092,5.009588991559665
1969-01-01,-0.04502636283878553,-5.311383648974948,5.033462724163041
1969-02-01,0.2845904514531666,-5.215508956627805,5.688016421013476
1969-03-01,-0.093971410153815,-5.749184344872021,4.611028355068365
1969-04-01,0.0866989805724585,-5.521699869500483,5.635171253501568
1969-05-01,0.2675735495821411,-5.380399638887683,5.993383612869187
1969-06-01,0.28271500163949076,-4.806504894091629,5.799454272730843
1969-07-01,0.25270968568219426,-5.3271813059130295,5.7435928815635915
1969-08-01,0.2192706923216258,-5.365870259521986,5.604797205173002
1969-09-01,-0.2110054863220904,-5.127705130630934,5.790934570319974
1969-10-01,-0.14497919701521927,-5.515322548191517,5.367174327295234
1969-11-01,-0.217700909700917,-5.80414820120675,5.3741604847514335
1969-12-01,-0.2578451134419416,-5.7536610992050266,5.007359990560378
1970-01-01,-0.06840272857484964,-5.8325844415458175,5.451136999309338
1970-02-01,0.06496616907418709,-5.330448092633117,5.588701623714232
1970-03-01,0.06696586453732803,-5.169021502683015,5.517014581357172
1970-04-01,0.11823239844169375,-5.633271128001886,6.032130373995792
1970-05-01,0.2190315888484386,-5.498440839259944,5.62956420301231
1970-06-01,0.2735390652187706,-5.729091395182066,5.834234972397007
1970-07-01,0.2893050880235588,-5.037388828700074,6.234524912774742
1970-08-01,0.32495157414674447,-4.980054739096184,6.142949249182628
1970-09-01,-0.32127815763305156,-6.10891014517615,5.164308832912503
1970-10-01,-0.22837614686110802,-5.922624958394851,5.363175427123241
1970-11-01,-0.1511469676695446,-5.763169955095386,5.054884896180639
1970-12-01,-0.0832351988053329,-5.678468481648415,5.493593997750046
1971-01-01,-0.0971435926863456,-5.6454663028343415,5.757926183568001
1971-02-01,-0.15368806391813408,-5.852277779725348,5.262817382102439
1971-03-01,0.23067545875885853,-5.372229254022817,6.005028275997384
1971-04-01,0.1478584015027779,-5.543393522783022,5.686419655998485
1971-05-01,0.16982763100595794,-5.436017791634244,6.120221512745298
1971-06-01,0.2654603859656167,-5.637240915639519,5.479850676187879
1971-07-01,0.3268008050836849,-5.20895092753189,5.887945492940431
1971-08-01,0.4281293511145945,-5.251430322858157,6.468516307044667
1971-09-01,-0.43375193798049194,-6.078107508437632,4.871931189917922
1971-10-01,-0.30878581724675225,-5.714972505518666,5.228398992073926
1971-11-01,-0.08084909977046323,-5.848611856132378,5.404373754693694
1971-12-01,0.08934553712855292,-4.920961817865995,5.655193842540075
1972-01-01,-0.13119796736375466,-6.126687475494468,5.108642523507845
1972-02-01,-0.371127281473498,-5.914467216293005,4.9803156386948375
1972-03-01,-0.2300785965932451,-6.318913634203285,5.3755884527576425
1972-04-01,0.07523354532474845,-5.334089938966363,5.821576582474843
1972-05-01,0.3373139784886676,-5.042767435963499,5.9769414834300845
1972-06-01,0.3148830128271886,-4.763375305779693,5.561511030525419
1972-07-01,0.23898848597832895,-5.5431325407123335,5.892220783783854
1972-08-01,0.13308660764181177,-5.486677491675797,5.322816587479294
1972-09-01,-0.08115668658218385,-5.624653064940372,5.552269244525146
1972-10-01,-0.036793607763898784,-5.924991268271639,5.670091047389633
1972-11-01,-0.2585034942223106,-5.666150704647057,5.44196416532403
1972-12-01,-0.41236389391918526,-6.245944579505798,5.088231694312992
1973-01-01,-0.023111228301628234,-5.80805729119864,5.602092096463704
1973-02-01,0.3065055825970383,-5.163294005041524,5.769880169782454
1973-03-01,-0.07205628207475048,-5.73649078622168,5.622878386174087
1973-04-01,0.10861410525831215,-5.070055875056136,5.613094211920507
1973-05-01,0.28948867098419245,-5.24767416592739,5.777340401664137
1973-06-01,0.3046301196484138,-5.096128748290058,6.325248801692119
1973-07-01,0.27462480040726744,-5.309683837121012,6.173558262223373
1973-08-01,0.2411858036534383,-5.338996436362665,6.107534981655226
1973-09-01,-0.18909037838340326,-5.9706791088476985,4.9213230898786025
1973-10-01,-0.12306409236030838,-5.7770606829984645,5.4126345069101385
1973-11-01,-0.19578580843925508,-5.7424777394478035,5.74872669584429
1973-12-01,-0.2359300154641642,-5.806543022167,5.172406958092404
1974-01-01,-0.04648763399028638,-5.805882609404099,5.446586400409339
1974-02-01,0.08688126026555605,-5.370592181297215,6.141400336226391
1974-03-01,0.08888095266386352,-5.494626649965571,5.923961054555755
1974-04-01,0.14014748317501113,-5.671524721101783,5.720724765744179
1974-05-01,0.24094667073640796,-5.33772224641589,5.38932872518508
1974-06-01,0.29545414416658333,-5.024706071276367,5.985715507914911
1974-07-01,0.3112201641260608,-5.351162079741933,6.470463767444919
1974-08-01,0.34686664730910377,-5.2550732889775205,5.564933939703185
1974-09-01,-0.2993630874109257,-5.90773784958848,5.39149538400687
1974-10-01,-0.2064610794842981,-5.383310706653832,5.529066053082683
1974-11-01,-0.129231903232891,-5.946006164802937,5.5305730393885035
1974-12-01,-0.06132013721401923,-5.706928461364433,5.558226626506814
1975-01-01,-0.07522712487815529,-4.994254106618138,5.462220743096622
1975-02-01,-0.1317701898932657,-5.662691491152502,5.137791029560815
1975-03-01,0.2525946029152554,-5.573622750084702,5.850984394213042
1975-04-01,0.1697789518758515,-5.668573405880465,6.057752606489146
1975-05-01,0.19174954223397944,-5.391541273055968,5.8418430127115295
1975-06-01,0.2873837034104083,-5.102437145038578,6.092911519386056
1975-07-01,0.3487254833834998,-4.8819010625071595,6.020922564774617
1975-08-01,0.45005543563127737,-4.698737222247295,5.876946926511693
1975-09-01,-0.41182444724710676,-6.422735999086394,5.784574289113729
1975-10-01,-0.2868569656584146,-5.784856294780442,5.229043962230696
1975-11-01,-0.05891884196524107,-5.521477876389168,5.448004530236973
1975-12-01,0.11127715578890207,-5.617257154023987,5.471594606682787
1976-01-01,-0.1092649424868141,-5.607084295763881,5.356828867834328
1976-02-01,-0.3491928503796118,-5.694532792275305,5.025198365397293
1976-03-01,-0.20814285000625948,-5.879564252095476,5.198492464627041
1976-04-01,0.0971706981284772,-5.466787449193484,5.6254801321460315
1976-05-01,0.3592524921473151,-5.348690778808834,5.690516347668642
1976-06-01,0.3368229327026458,-5.490929581361866,5.875328768985519
1976-07-01,0.260929766708783,-5.537310388824311,5.773492594901241
1976-08-01,0.1550292945890812,-5.098604558915994,5.981155174981893
1976-09-01,-0.059212590477994445,-6.046318183307573,5.935546957602728
1976-10-01,-0.014848147959330996,-5.693663794319326,6.077375364276613
1976-11-01,-0.23655662526082682,-5.887024127354659,5.138449719359047
1976-12-01,-0.39041566125731825,-6.419468578208013,4.777697938636498
1977-01-01,-0.00116158648285343,-5.224335515683715,5.8250914662943565
1977-02-01,0.3284566335729682,-4.7515388889288985,5.898574360374679
1977-03-01,-0.05010395831210433,-5.543658031039418,5.458148928022982
1977-04-01,0.13057624259746997,-5.470300858985073,5.465209246932201
1977-05-01,0.31146030533263547,-5.478180634065651,5.86789986163005
1977-06-01,0.32661156757311427,-4.874840279339628,5.746744614111646
1977-07-01,0.2966157453413578,-4.926508750551544,6.045188267596691
1977-08-01,0.26318656216394154,-5.359397196697564,5.892582318810906
1977-09-01,-0.1670798062967226,-6.2086618333196375,5.345305423800706
1977-10-01,-0.10104402326427346,-5.5494869688625075,5.718110227678013
1977-11-01,-0.1737559257666979,-5.552390784050616,5.6268581204386665
1977-12-01,-0.21389063578197498,-5.507973692916,5.302072062060209
1978-01-01,-0.024438440732040496,-5.6554767824768515,5.631616257317112
1978-02-01,0.10894026710031846,-5.2979237663531675,5.741477348760038
1978-03-01,0.1109488233738612,-5.031836527868113,5.629351581012923
1978-04-01,0.16222516746144214,-5.8081665919856365,5.463577595184705
1978-05-01,0.2630338520322874,-5.21278946878617,5.6183222444223455
1978-06-01,0.31755113903883136,-5.513024263792848,6.045684686767052
1978-07-01,0.33332665600766753,-5.234756048118478,5.938712033935463
1978-08-01,0.3689829527668985,-4.814532511739651,6.190013776494714
1978-09-01,-0.2772369683767463,-5.598000296807413,5.222302372378804
1978-10-01,-0.18432546344049455,-5.282382329096747,5.31175423006982
1978-11-01,-0.10708647361278611,-5.519876778311602,5.313137613470311
1978-12-01,-0.03916521058462455,-5.465948348896789,5.182109946787524
1979-01-01,-0.05306379382948208,-5.496901423208674,5.793339880647463
1979-02-01,-0.10959845442531774,-5.721144331330937,5.202897031916297
1979-03-01,0.2747739294718765,-5.185668359004341,5.919684482834359
1979-04-01,0.19196668285183038,-5.550497056581634,5.6926983151698085
1979-05-01,0.21394540651907773,-5.404775139784978,5.816352876879272
1979-06-01,0.30958797211491185,-4.992707611784323,5.884803031948476
1979-07-01,0.3709378853971232,-5.443351610687635,5.622594739112596
1979-08-01,0.4722892214195119,-5.012637062088764,6.170558730276416
1979-09-01,-0.389569277684204,-6.5150159196607085,5.368241239981705
1979-10-01,-0.26458110212014924,-5.708822150879731,5.108723934557663
1979-11-01,-0.03662159465243949,-5.698474441009954,5.147299973005009
1979-12-01,0.133595097077204,-5.680734545068631,5.249379774654123
1980-01-01,-0.08692561742377161,-5.9207175788874045,5.522209275459197
1980-02-01,-0.3268321415420969,-5.421056538020406,5.470815479651312
1980-03-01,-0.18576213699252048,-5.3823322961180775,5.55488552291979
1980-04-01,0.1195727949169076,-5.610212571821134,6.036225092714331
1980-05-01,0.3816752829113785,-5.377736494025969,6.366105565654527
1980-06-01,0.3592671072412622,-5.2378239380244915,5.983878218915591
1980-07-01,0.28339463522279995,-5.28350705966241,5.833467542031463
1980-08-01,0.17751554687761478,-5.430840816941967,5.758000707209395
1980-09-01,-0.03670495441483527,-5.60002754388963,5.428741785016307
1980-10-01,0.007680182079212311,-5.679949693182809,5.24745592550215
1980-11-01,-0.21400691144742257,-5.943016360589686,5.203679610795416
1980-12-01,-0.3678452534687714,-5.5549450093488915,4.889620811931986
1981-01-01,0.021430205080568518,-5.588437139444339,5.801106054166047
1981-02-01,0.3510698089110551,-5.4772749747055665,6.031325578310038
1981-03-01,-0.0274714685967129,-5.8209939559893,5.522703678186636
1981-04-01,0.1532217116677601,-5.308433801705526,5.93984353000866
1981-05-01,0.3341183350691627,-4.885197884901842,6.183383325257557
1981-06-01,0.34928257666503487,-4.98836739607186,5.709936872460519
1981-07-01,0.3192993150998933,-5.1920565626501025,6.026915311442974
1981-08-01,0.285883111277615,-5.331859835006574,6.043181089651049
1981-09-01,-0.14437027782772696,-5.548062625234321,5.424072686735286
1981-10-01,-0.07832193412891678,-5.810584926628552,5.422078803058991
1981-11-01,-0.15102085727619718,-6.048494210890132,5.497463426029961
1981-12-01,-0.19113144301143062,-5.292245875644,5.532918313048228
1982-01-01,-0.001654319538362356,-5.410322293906628,5.571637905788467
1982-02-01,0.13174931671672915,-5.317320047718899,5.159662348784361
1982-03-01,0.13378038898544858,-4.890999824505771,5.520676682248942
1982-04-01,0.1850816614958061,-5.040361211736213,5.424215833819533
1982-05-01,0.28591447034678413,-4.997769666955304,5.577032923801663
1982-06-01,0.34045668577642335,-5.049639273755033,6.040788740462175
1982-07-01,0.356256327025546,-5.187684783512415,6.099257158345782
1982-08-01,0.39193755220815285,-5.13268937785474,5.93173937393951
1982-09-01,-0.2542574405127554,-5.876758692282162,5.414126889901742
1982-10-01,-0.16132181129667453,-5.63821393135019,5.175901478288845
1982-11-01,-0.08405789304593034,-5.620338589045257,5.5741253285793215
1982-12-01,-0.016112505737303502,-5.508688528590415,5.163273381277311
1983-01-01,-0.02998616055929715,-5.585683348088544,5.496312141901871
1983-02-01,-0.08649589273198226,-5.182660131080073,5.735499486111352
1983-03-01,0.2978990071599854,-4.914513229752738,5.726249078665431
1983-04-01,0.2151166889628437,-5.138386573980953,5.552509670860985
1983-05-01,0.23711953691067647,-4.90618517990687,5.69919266984675
1983-06-01,0.3327870309290559,-5.545558173013998,5.854156509968455
1983-07-01,0.39416106849164173,-5.238409095487553,6.342493072526251
1983-08-01,0.4955243535819009,-5.110143610317601,6.692370112820022
1983-09-01,-0.3663221964544354,-5.83325279150089,4.604758145923898
1983-10-01,-0.24132245727618598,-5.757212295222625,5.590704156563623
1983-11-01,-0.013351000740591847,-5.318833812169837,5.616831980201538
1983-12-01,0.15687725460272328,-4.723689194815232,5.329573633496064
1984-01-01,-0.063631510830542,-5.633375661857981,5.398333764598691
1984-02-01,-0.30352608588116675,-5.909919735832119,5.375011801698248
1984-03-01,-0.16244490317125831,-5.689290042834323,5.379316442361051
1984-04-01,0.1429455007391583,-5.428714400111964,5.451745285281603
1984-05-01,0.40510167131512054,-4.948987488201854,5.936965756988281
1984-06-01,0.3827489676458797,-5.092559652257174,5.928644001422712
1984-07-01,0.3069301782092503,-4.708639064771665,6.0073250117089545
1984-08-01,0.20110656186545753,-5.4687480632975936,5.445577891738638
1984-09-01,-0.013058467426053023,-5.743515284456051,5.561332239954254
1984-10-01,0.03138035164949448,-5.327040847795449,5.69457066657356
1984-11-01,-0.19025126987604515,-5.673594828054312,5.278035746105369
1984-12-01,-0.34403592931539345,-6.068499945262967,5.107189218189876
1985-01-01,0.04529500123465727,-5.8373464235570856,5.336839625428434
1985-02-01,0.3749900770664734,-5.140859507255089,5.81330246685571
1985-03-01,-0.0035010966989867665,-6.000681332227872,5.813524951358105
1985-04-01,0.17724755556673616,-5.427383291305728,5.604155765627625
1985-05-01,0.35819786155002187,-5.538437627817835,5.720680595757758
1985-06-01,0.3734175751468625,-5.287099718661237,5.913065453334962
1985-07-01,0.343487996163299,-5.412578396595918,6.1098984287649465
1985-08-01,0.3101272643421643,-5.5044681833936515,5.9118211578294275
1985-09-01,-0.12007065276238019,-5.632791905276615,5.755169708421024
1985-10-01,-0.0539686264819101,-5.101298723897619,5.666408007812308
1985-11-01,-0.12661207762809484,-5.489404089482433,5.5802346805756855
1985-12-01,-0.16668054439571675,-5.6991308981684075,5.190089590113714
1986-01-01,0.022840102010801527,-5.493747136064235,6.153719493624309
1986-02-01,0.15628726119934896,-5.312605153905368,6.06934943911397
1986-03-01,0.15835764450514178,-5.177141071688949,5.3155028160574105
1986-04-01,0.2097024399484929,-5.041824441049372,5.630932042159021
1986-05-01,0.31057736776697176,-4.809502695951855,5.993099300622332
1986-06-01,0.36516310613010694,-5.0846304229169625,5.841850988689129
1986-07-01,0.3810048663470872,-4.927515320680555,6.090589508729034
1986-08-01,0.4169418388785976,-5.011075311998513,5.882677389606983
1986-09-01,-0.22899740649258982,-6.019052602947974,5.625179133320447
1986-10-01,-0.13581427984132713,-5.374821182708853,5.292457437902556
1986-11-01,-0.05829461424155807,-5.869465109060898,5.195239147211595
1986-12-01,0.009898270502241999,-5.714362772862005,5.2416458018518055
1987-01-01,-0.003719636970493337,-5.351568787541978,5.80603625658667
1987-02-01,-0.059973621794410334,-5.788958750829917,5.349693985086134
1987-03-01,0.32465227570349076,-5.2913234448657755,5.547402224929224
1987-04-01,0.24212570485600005,-4.894436539493386,5.853912774700552
1987-05-01,0.2643760502384969,-5.338827669466856,6.0006592237473
1987-06-01,0.3602992916064509,-5.192786630155249,6.199291811600196
1987-07-01,0.4219208266037233,-5.090158350713617,6.264237998464404
1987-08-01,0.5235398590435197,-4.97212791582435,6.234325287425478
1987-09-01,-0.3380509436434152,-5.855245027298048,4.699866384721132
1987-10-01,-0.21280370703055146,-5.835355870061557,5.083695143986806
1987-11-01,0.01542349685465268,-5.607564270012358,5.832433207811391
1987-12-01,0.18589924963315263,-5.470097861947634,5.600124639642469
1988-01-01,-0.03435376845127804,-6.222043531190367,5.426323312042404
1988-02-01,-0.27399259615215726,-6.01238619639232,5.436077950932019
1988-03-01,-0.13267216592176162,-5.589448688939625,5.920966177198392
1988-04-01,0.1729304624042674,-5.616463738690959,5.444482698953097
1988-05-01,0.4352920114470257,-4.830428365011808,5.635007856522774
1988-06-01,0.41315153219420053,-5.239902493136687,5.661304521060017
1988-07-01,0.3375381212245587,-4.8883929576168885,6.038950152895143
1988-08-01,0.23192672929654282,-5.174129147036524,5.889236252937724
1988-09-01,0.017973924421233363,-5.5738910461360955,5.761350755954122
1988-10-01,0.06261812196400696,-5.369844493212755,5.554080586276816
1988-11-01,-0.15880127514591874,-5.203754094711536,5.349847443050027
1988-12-01,-0.31189912840079065,-5.909101750581174,5.041951266125591
1989-01-01,0.07814150187231901,-4.885248969290232,5.528233121653156
1989-02-01,0.40854627742655863,-5.3681420791191075,6.12436265646449
1989-03-01,0.030696122767421112,-5.45188054457201,5.408934776795499
1989-04-01,0.2121544747566653,-5.086621131038686,5.5236295203386385
1989-05-01,0.3937915869237231,-5.186573149997327,5.838903666741252
1989-06-01,0.4097210002438458,-5.034407991921828,6.32501119757592
1989-07-01,0.3804782274441649,-5.478905409024456,5.947424601148637
1989-08-01,0.3478271953467307,-5.360959735783113,5.9908185389528645
1989-09-01,-0.08166102203465021,-5.654210094749482,5.495718710623455
1989-10-01,-0.014872189570867996,-5.382466122111858,5.691744153273402
1989-11-01,-0.08680594099296746,-5.84301040864774,5.169145930888074
1989-12-01,-0.12618760157598954,-5.6995237093748266,5.296900558570413
1990-01-01,0.06404274455330831,-5.746128706454564,5.367089605099594
1990-02-01,0.19819960346491314,-5.341415039220979,6.029108438367166
1990-03-01,0.2009110058756836,-5.716456850898893,5.876463247599627
1990-04-01,0.25296550104227294,-5.55407173550306,5.833847012407251
1990-05-01,0.35452723504545086,-5.259389506243743,5.843839724223844
1990-06-01,0.4098226731314581,-4.8461818356938355,5.6034162411904935
1990-07-01,0.42635123953228976,-4.936079224034401,6.182626078268074
1990-08-01,0.462785687371083,-4.920079658700627,6.222527396109105
1990-09-01,-0.18265608269284775,-5.901804413128112,5.438551987512175
1990-10-01,-0.08899152832465199,-5.337345461661166,5.254345156088691
1990-11-01,-0.010974387416898303,-5.801965922182895,5.244220681161441
1990-12-01,0.05769992504307295,-5.53827275419496,5.753499166334651
1991-01-01,0.04457949287800428,-4.981306654468886,6.093727508400978
1991-02-01,-0.01117701663814798,-5.714104087372499,5.253619949683417
1991-03-01,0.3747175453271462,-5.2853436836618615,6.1952695307807915
1991-04-01,0.29359556728348446,-5.125115432418133,5.580213142362914
1991-05-01,0.3172051960242714,-5.368340669177663,5.860244531113062
1991-06-01,0.4145330301957231,-5.149732558976103,5.830116886681284
1991-07-01,0.4775138485515262,-5.125006319121746,5.817037264560704
1991-08-01,0.5805374737947175,-5.158061884347091,5.928854794104545
1991-09-01,-0.27964873608858704,-5.930714274233627,5.499495144173978
1991-10-01,-0.1530422161175306,-5.651589667284612,5.281571646710627
1991-11-01,0.07658958057091755,-5.565811378069904,4.981602894265066
1991-12-01,0.24842461670735422,-4.967161850975865,5.874111414993904
1992-01-01,0.029576191427096686,-5.2969881997323185,5.476190321709606
1992-02-01,-0.2086580434712481,-5.725811159506342,5.324111335841279
1992-03-01,-0.06602363932685981,-5.543765864787074,5.264113408206391
1992-04-01,0.24098358180320445,-5.372941174444325,5.747067409887774
1992-05-01,0.5047044142042239,-4.9335212640076245,6.004043663908129
1992-06-01,0.4839685277548814,-4.973006154591982,6.499484211382689
1992-07-01,0.40971440014369426,-5.177379272599164,6.040574155904114
1992-08-01,0.30550760101909014,-5.3436732907399875,6.159165443912869
1992-09-01,0.0929593889472716,-6.225850731809925,5.7536178388280454
1992-10-01,0.1389628698486382,-5.547833315450756,5.9917371248475275
1992-11-01,-0.08105193445797801,-5.467105304232249,5.6301473814607705
1992-12-01,-0.2332719320717615,-5.762503385680426,5.214232311818436
1993-01-01,0.15767581569815908,-5.64633809299091,5.571285772996621
1993-02-01,0.48898770874816533,-5.512726039600875,6.283539186344517
1993-03-01,0.11195688602118066,-5.316147543074421,5.80358547742052
1993-04-01,0.29432235550615304,-5.5597604490798584,5.86474395060449
1993-05-01,0.4768373233149904,-5.0332697074613835,5.850221663152742
1993-06-01,0.49367385413136705,-5.3499426455502865,5.9176923387464795
1993-07-01,0.4705982370135572,-5.091525993724865,6.06018264077962
1993-08-01,0.4443199324536672,-4.94070171053087,5.969341008549988
1993-09-01,0.02120444261048851,-5.07088120069704,5.526688192606448
1993-10-01,0.09416043075679884,-5.996379529015361,5.7683506598058
1993-11-01,0.02859940687207535,-5.507338202512969,5.278436839421783
1993-12-01,-0.004615098029385534,-5.365009062612827,5.368095544327606
1994-01-01,0.19198797563797843,-5.456925803948759,5.819460284459269
1994-02-01,0.33251756208778627,-5.283699245504531,5.832596447892322
1994-03-01,0.3409849764680486,-5.482743264535985,5.789826535155374
1994-04-01,0.399412199172983,-4.7734232865623,5.857184958403092
1994-05-01,0.5071410888575266,-4.873959888074322,6.28179158883378
1994-06-01,0.5688092544819006,-4.96539827387924,6.1656520302574345
1994-07-01,0.5915049765641667,-4.720715198539805,6.011869454609242
1994-08-01,0.6343121519409941,-4.827501555359984,5.708917116918014
1994-09-01,-0.004756890585319279,-5.748317828221115,5.678149088332229
1994-10-01,0.09507481946544777,-5.612827507059377,5.196430953118802
1994-11-01,0.1794646879104079,-5.278401794906032,5.637843367176415
1994-12-01,0.2543061560526438,-5.068850758734982,5.880094787142839
1995-01-01,0.24755845142517421,-5.460983096687845,5.74197754612661
1995-02-01,0.19817466944709392,-4.968954720005523,5.569895097522768
1995-03-01,0.5890059114512078,-4.587292837531537,6.604934785566901
1995-04-01,0.5133495434481009,-5.079677975498518,6.003475992400988
1995-05-01,0.542248472228947,-5.167654291903319,6.151115112847777
1995-06-01,0.645041916442711,-5.1587963361971445,6.044474591841954
1995-07-01,0.7133120348386011,-4.869856802936615,6.472293674196378
1995-08-01,0.82180127012336,-4.339105548181138,6.3856294782020635
1995-09-01,-0.03291932971804579,-5.972521832747894,4.938059349729474
1995-10-01,0.09897649029301117,-5.666482302760621,5.808237294296968
1995-11-01,0.3664039090516841,-5.687818672993916,6.084742060990935
1995-12-01,0.5748153536424133,-4.902829981496355,6.145939686500611
1996-01-01,0.393762550432073,-5.561758457654074,5.92088375885899
1996-02-01,0.19332393760419198,-5.479190332288127,5.6802781753400735
1996-03-01,0.37131553658717625,-5.631563581696617,5.9831332226261775
1996-04-01,0.7161183797871505,-5.108507405497558,6.574070003462732
1996-05-01,1.0164156206429,-4.1333155367309855,6.506427411294613
1996-06-01,1.0334753562632888,-4.556291521333014,6.471593844589872
1996-07-01,0.9957976371072216,-4.307817317832714,6.724594217874802
1996-08-01,0.9293864600521449,-4.722798675667214,6.473090346954694
1996-09-01,0.7546338700498973,-4.878088421180721,6.852109624787038
1996-10-01,0.8372137594056016,-4.849970747098144,6.330951007660507
1996-11-01,0.6549945771698439,-4.804743393597738,6.497243802749943
1996-12-01,0.5393509880101233,-5.551319891707876,6.2178234390592655
1997-01-01,0.96809435784969,-4.644165564792661,6.37670277455005
1997-02-01,1.337201872970415,-4.099974396598549,6.784119790801747
1997-03-01,0.9943090314673997,-4.529100414268798,6.462590812494426
1997-04-01,1.214470123022768,-4.34765863384636,6.65892411534936
1997-05-01,1.433561499285475,-4.184633704089636,7.0102647241000415
1997-06-01,1.4881936521719414,-4.099526768550187,7.101147692573426
1997-07-01,1.4964051434684882,-4.10407240969114,7.351237874192297
1997-08-01,1.5024568509366218,-4.106011172230486,7.308215388013905
1997-09-01,1.1116713731216414,-4.359231782445502,6.616130836788784
1997-10-01,1.2159144696822493,-4.047921026465197,7.26542332153569
1997-11-01,1.1826834578253935,-4.909717816332555,6.612703836012689
1997-12-01,1.1807560613382526,-4.458730651439294,7.05556194295064
1998-01-01,1.4096891470339699,-4.243523768654458,6.971593911172078
1998-02-01,1.5825487455112004,-3.78482945742884,7.188828311904221
1998-03-01,1.6688915148120087,-4.184400902153695,6.988336643808053
1998-04-01,1.8135378804639064,-3.648256291866518,7.304987070321379
1998-05-01,2.004704650419581,-3.4550188222776885,7.306806533197172
1998-06-01,2.1525919589903553,-3.367973249504909,7.99922712375387
1998-07-01,2.2587255613446704,-3.166171051207043,7.9632443177869945
1998-08-01,2.3877518796692327,-3.1637309084695153,8.032738421588004
1998-09-01,1.8349019800888233,-3.654915465198783,7.373210742109512
1998-10-01,2.0181715704103156,-3.716573678761381,7.481233018265833
1998-11-01,2.188780581802662,-3.2999655583213117,7.985346513091793
1998-12-01,2.347059930216478,-2.726649167682383,8.048668604485107
1999-01-01,2.4265313685357786,-3.313052622822638,8.004342875424683
1999-02-01,2.4633667295051525,-2.990845864225089,7.801423568398393
1999-03-01,2.9320733264274748,-2.4956463026859272,8.290807412851704
1999-04-01,2.9426361013721536,-2.5557860078965646,8.088213262121307
1999-05-01,3.0549729104250867,-2.644276095631277,8.743236797939486
1999-06-01,3.24398549758502,-2.3597926891460532,8.572699777703198
1999-07-01,3.3956934962520644,-2.35507357207583,9.284099860668766
1999-08-01,3.590401874484299,-1.8514038808648658,8.656213402030586
1999-09-01,2.8219004175889397,-2.6691506133408383,8.435628503314343
1999-10-01,3.0372341178718933,-2.574594825422723,8.7662616399521
1999-11-01,3.3585506675496792,-2.411193202806211,9.090690678427158
1999-12-01,3.6191128839988287,-1.7419361593907334,9.125353024478173
2000-01-01,3.491949211705753,-2.246000272281156,9.17885498688297
2000-02-01,3.345399729796881,-2.4207768729279917,8.74570375746425
2000-03-01,3.5738037415755692,-1.8204702022422927,9.429544574900891
2000-04-01,3.972495715693822,-1.6721196642225176,9.213637161982192
2000-05-01,4.324943728406318,-0.7021390823325556,9.666077894527026
2000-06-01,4.395892594945583,-1.243157209875109,10.07224909369657
2000-07-01,4.4713970925522535,-1.0660957774547135,10.333533035420743
2000-08-01,4.521940872819076,-1.0395940740533711,9.919184529701623
2000-09-01,4.4641432401374,-1.0971257421385532,10.086642301839772
2000-10-01,4.659905346255911,-0.8823556563703099,10.267930567979267
2000-11-01,4.594641121341851,-1.2664244122452952,9.986260308963567
2000-12-01,4.592179748945445,-1.1936490896618077,10.531785567091788
2001-01-01,5.137878076105508,-0.5160293810215353,10.855453622533803
2001-02-01,5.623940548547527,-0.10269642829234688,11.226592758692687
2001-03-01,5.386684442689623,-0.06632612958099306,11.085628571732057
2001-04-01,5.723800491565996,-0.3126873390793291,11.098389597250405
2001-05-01,6.056074084592034,0.5160058287574989,11.396056638681515
2001-06-01,6.2276611947992855,0.7767278528852939,11.590671522615477
2001-07-01,6.349054902858983,1.0171484305843037,12.259134190646607
2001-08-01,6.472061567648937,1.0799366949683766,11.89878114623219
2001-09-01,6.198231047154818,0.3565432571677774,11.263457372036605
2001-10-01,6.415656360477525,0.9493697055170893,12.48918090885183
2001-11-01,6.499380305942912,0.8167906453914778,11.947459169353598
2001-12-01,6.610635126218598,1.2634009183595878,12.456366466297208
2002-01-01,6.956523169234863,1.38046436856472,12.622982004823452
2002-02-01,7.246337725033884,1.300822914772151,12.554411896763476
2002-03-01,7.3896431762459756,2.030067261837554,13.053566511762174
2002-04-01,7.597355368300929,2.1215536056044484,13.07478205800569
2002-05-01,7.849553583162332,2.2334657229013053,13.302128221729722
2002-06-01,8.06050671813598,2.1059099707498823,13.745193152855789
2002-07-01,8.227671765396197,3.130877425389901,14.234245421331897
2002-08-01,8.419763910122025,2.663810244737246,13.750478883505089
2002-09-01,7.929979836945083,2.14922580033831,13.87424954243922
2002-10-01,8.174280872172819,2.862129494945694,14.188690795912303
2002-11-01,8.483656382997749,2.772916986913963,14.098473399750977
2002-12-01,8.776225892151784,3.514853774415383,14.466197705594336
2003-01-01,8.99446382990491,3.589628969279386,14.489728492863145
2003-02-01,9.170065690305123,3.731694551785491,15.115995611579086
2003-03-01,9.76410977058789,4.175739719862268,15.419842299363786
2003-04-01,9.913439044964864,4.736870220752008,15.191704111682359
2003-05-01,10.16006601475949,4.4680664127479055,15.260883989622041
2003-06-01,10.48784510135232,5.061248020870774,16.172846843450454
2003-07-01,10.773843260760726,4.79376831716074,16.22283603557282
2003-08-01,11.107318138425477,5.608974656994969,16.68291102048375
2003-09-01,10.4775831809645,5.103823606668565,15.69502637299987
2003-10-01,10.827207041988714,5.729270161337065,16.648392234441896
2003-11-01,11.28729009109825,5.421543161107331,16.858455846024405
2003-12-01,11.682142468287509,5.926480972341903,16.987779647639616
2004-01-01,11.693745295429053,6.179651976401963,17.536404803958206
2004-02-01,11.685962312951228,5.920543270877707,17.275488649623146
2004-03-01,12.044180146780501,6.436358799541349,17.474398838556347
2004-04-01,12.581638620331924,6.765875768832173,18.132443168168198
2004-05-01,13.06837679378623,7.346115623644229,18.618110852107364
2004-06-01,13.278092159758588,7.940856902278725,18.33690357455092
2004-07-01,13.42685537320033,7.867397858988871,18.856625660650476
2004-08-01,13.553099826496961,8.3002713104631,19.166841854827453
2004-09-01,13.571002866847344,8.414493379958397,19.39908418946012
2004-10-01,13.840023688801077,8.472597142807064,18.942407693036206
2004-11-01,13.850460136917025,8.499327502135356,19.25300810493134
2004-12-01,13.921257480355369,8.239440081097655,19.45189198773468
2005-01-01,14.542656480546833,9.19004442076918,19.973834516092836
2005-02-01,15.17725150877531,9.581696873084336,21.107322498835394
2005-03-01,15.074153840403278,9.824771113092817,20.809170964854417
2005-04-01,15.559802445066733,10.01361431749564,21.103255840928057
2005-05-01,16.035817221111888,10.795741782069877,21.567966509259325
2005-06-01,16.355936887107045,10.833571748673661,21.794772431709113
2005-07-01,16.6210717781861,11.2616853210163,21.7655841191919
2005-08-01,16.892610998762777,11.29423507906864,22.509563899761844
2005-09-01,16.767313034057167,11.012719676385386,22.38807276715159
2005-10-01,17.128479530400043,11.608798171939949,23.00715317423709
2005-11-01,17.360736031651218,11.77220039064607,22.75841683370681
2005-12-01,17.61573203494716,11.831212570772305,23.30874237887402
2006-01-01,18.11015263375139,12.604771915605621,23.592990364857794
2006-02-01,18.54849974533637,12.80534838090064,24.18302382451599
2006-03-01,18.82596363403526,13.551097403459089,24.009596633072437
2006-04-01,19.182208381876386,13.607302318752064,24.791220200730827
2006-05-01,19.578147779758243,14.177849546094187,25.166553668703994
2006-06-01,19.937633470517913,14.76231475298113,25.384994566430297
2006-07-01,20.24853970079827,14.6892300014106,26.12862408737721
2006-08-01,20.589164401311688,15.171970043420316,26.661912494537034
2006-09-01,20.247912883922343,14.944514242136504,26.0718399159407
2006-10-01,20.63595510216872,15.094595987185684,25.91696991144606
2006-11-01,21.01816249575089,15.258463742661155,26.569825807650723
2006-12-01,21.38121447209042,15.847592708273973,26.999229566369163
2007-01-01,21.67228429259922,15.955841069402865,27.66510047201127
2007-02-01,21.920718035758526,16.523816737117894,27.309995545616804
2007-03-01,22.580545752079466,17.083857535242494,28.606682260628105
2007-04-01,22.802706909212343,17.170946435798413,29.051192294468258
2007-05-01,23.119816346189943,17.572315461489698,28.81457877186916
2007-06-01,23.627020404738865,18.01643403533411,29.00575061004808
2007-07-01,24.086655633781675,18.38955523754912,29.734173698426964
2007-08-01,24.59955548340188,19.61148421086166,30.51262494015322
2007-09-01,24.14924549789446,18.055418009899157,29.533484770146853
2007-10-01,24.672506428552722,19.10848014053399,30.269309428445133
2007-11-01,25.31201444961854,20.102440628039382,31.259763725989963
2007-12-01,25.88050389644223,20.79807894161698,31.616311142179892
2008-01-01,26.071531695537868,20.513411557981257,31.622014845771837
2008-02-01,26.24317368501662,20.798637771359186,31.873650638666025
2008-03-01,26.769240686158515,21.379508079868227,32.35497480531133
2008-04-01,27.48612413166515,22.342136284301514,33.21492160440761
2008-05-01,28.146499374752807,22.878180146172657,33.5428665018815
2008-06-01,28.535639712679494,23.415257559520754,33.83603298613324
2008-07-01,28.858039995755867,23.184657865609616,34.382452499896516
2008-08-01,29.163709421008328,23.998906244904102,34.83403540884684
2008-09-01,29.361037433312582,23.86866063325927,34.72305147380383
2008-10-01,29.80369532490077,24.09497345091667,35.56934350377333
2008-11-01,29.99355674497169,24.514662052115177,35.338143255796425
2008-12-01,30.237991158044547,24.446281847651335,35.80742129823903
2009-01-01,31.038815130191203,25.6399189432376,36.68547419402355
2009-02-01,31.780003247618577,26.11100386577641,36.9556226962362
2009-03-01,31.773183208200106,26.674310900224498,37.50841310416103
2009-04-01,32.36542490206131,26.65343461466392,37.652293997031435
2009-05-01,32.944594280556345,27.26911738499508,38.3788274013747
2009-06-01,33.371307035748934,27.631868967618498,38.823156859276935
2009-07-01,33.73959652927904,28.143174685527367,39.417267750337224
2009-08-01,34.11772883905344,28.617608878035977,39.63100733156672
2009-09-01,34.09902396354478,28.205377512781535,39.72874776132116
2009-10-01,34.74597844166965,29.157587169720703,40.26630238123714
2009-11-01,35.273549190762594,29.88231892676086,40.79415537415523
2009-12-01,35.81433317583872,30.026315345948134,41.12746896013047
2010-01-01,36.60406802248382,31.479635187431587,42.60261574047757
2010-02-01,37.33772938191054,31.801499594521463,43.079010606711854
2010-03-01,37.881928720270345,32.228749398890166,43.40649919224329
2010-04-01,38.53348771595239,33.007473243029416,44.275675755801984
2010-05-01,39.21521509561548,33.82898459172987,44.79450360894886
2010-06-01,39.8700150342176,34.29193543183169,45.47899028504104
2010-07-01,40.46670924627781,35.01655550559844,45.902951502880505
2010-08-01,41.102648194633296,35.2155953149635,46.432039065515994
2010-09-01,41.056710925083735,35.66717163576893,47.05972494716468
2010-10-01,41.730541125111735,36.18031402607923,47.49313438560138
2010-11-01,42.408062766535174,37.05731188837144,47.779035562302056
2010-12-01,43.05690272465631,37.19586204696627,48.08488177804899
2011-01-01,43.64328679300529,37.775795900002024,49.08242805045502
2011-02-01,44.18703478400393,38.878480002329674,49.89971631530301
2011-03-01,45.1135979499871,39.07239621240369,50.771143979300945
2011-04-01,45.63107335496247,39.94732127927624,50.5460226884891
2011-05-01,46.233970773722405,40.33096877958218,52.00054735431049
2011-06-01,46.92989599091319,41.77805786637043,52.25303537756081
2011-07-01,47.572164599286985,41.82158677104718,53.3022100776366
2011-08-01,48.27378560754828,42.835793496399816,53.90917860285121
2011-09-01,48.01219678068392,42.632513169322706,53.39359008513354
2011-10-01,48.71809109067458,42.92686719996052,54.0569873668567
2011-11-01,49.546320270382395,44.121182947861506,55.09510007748537
2011-12-01,50.29744309653681,44.838074518196436,56.08238874587385
2012-01-01,50.67719205427614,45.13551321569506,56.56454073223003
2012-02-01,51.13509075351977,45.520809437418556,56.854734010494816
2012-03-01,51.92894628960389,45.782578884723364,57.5316563892386
2012-04-01,52.93208644487568,47.45359544822436,58.39823676813219
2012-05-01,53.869484310318036,48.493212518359336,59.602167373836046
2012-06-01,54.54488135801099,49.06027219459559,60.36823781875958
2012-07-01,55.14430426344092,49.54971089121571,60.237450350634646
2012-08-01,55.73623039845927,50.27911351494449,61.423187099788095
2012-09-01,56.219815120528594,50.227479788977156,61.41944925701998
2012-10-01,56.93949563447076,51.2921395286814,62.42854359040237
2012-11-01,57.415613764307665,51.58434425248547,63.341638691146585
2012-12-01,57.93707079973558,52.39863905074743,63.99705295109313
2013-01-01,59.02415148164656,53.48906281049243,64.8605001503262
2013-02-01,60.0515963088395,54.23017503409219,65.90933536687584
2013-03-01,60.30333071695057,54.64507928621643,66.02058687473685
2013-04-01,61.18182912057851,55.554867354767424,66.4458671412249
2013-05-01,62.03802112142757,56.67398475645516,67.46703323096955
2013-06-01,62.75099058638706,57.3420892695075,68.1191502007016
2013-07-01,63.39630270226885,58.20127970121487,68.88100156028597
2013-08-01,64.06069172181012,58.36396575956426,69.4643561267663
2013-09-01,64.32824355606827,58.92863091001264,69.91081685541397
2013-10-01,65.06958727721457,60.20500510592197,71.21755411126705
2013-11-01,65.69469357743075,59.83100728122109,71.66433105021069
2013-12-01,66.32986680552912,60.78283053954468,72.10338835174794
2014-01-01,67.21713720329723,61.487859758693034,73.07647470971604
2014-02-01,68.04833411384642,62.69176863554506,73.92573652534065
2014-03-01,68.68063007902909,63.28012857605247,74.00304447147327
2014-04-01,69.42972462583484,63.75409478648842,75.13889275639252
2014-05-01,70.20584124851942,65.04224718021477,75.7382568312535
2014-06-01,70.95817673824347,65.17604293232739,76.66537089015517
2014-07-01,71.64926019332819,66.12518628956806,77.24634808049719
2014-08-01,72.38273469280534,66.8480376719024,78.08751044071788
2014-09-01,72.43433297437967,66.83523765208152,78.1559317003761
2014-10-01,73.20255241743047,67.2572490640929,78.36033458906259
2014-11-01,73.97760960997637,68.55704786073946,79.46342298381546
2014-12-01,74.7208388111187,68.98462931693712,80.17737951699156
2015-01-01,75.40475843059262,69.729170874993,80.91422908746954
2015-02-01,76.04604197271341,70.29163508478396,81.37544557394018
2015-03-01,77.06070176551935,71.53425828091538,82.46185546212187
2015-04-01,77.67571272161615,72.4711645112657,83.50329730355571
2015-05-01,78.3729993833983,72.71390204796943,83.39855290599493
2015-06-01,79.16646015171261,73.7625690053082,84.88346618877551
2015-07-01,79.90311800310883,74.17920428615078,85.12980297089494
2015-08-01,80.70227456249441,75.28788893691119,86.09633397147084
2015-09-01,80.5382212867534,75.15428566112826,86.16241110287535
2015-10-01,81.33850483976646,75.56914892960896,86.35044811188052
2015-11-01,82.26426957059667,76.77811546269032,87.58541721864962
2015-12-01,83.1097816397749,77.64984736579564,88.1597310058282
2016-01-01,83.58706614863628,78.20939148411242,88.66923246888665
2016-02-01,84.04496484788066,78.50640277234542,90.18089837998454
2016-03-01,84.83882038396378,78.92690285003059,90.38395208221472
2016-04-01,85.84196053923625,80.24575260384741,91.3236374210163
2016-05-01,86.77935840467781,81.39072855304978,91.97538474335634
2016-06-01,87.4547554523717,81.98483741262157,93.0282887769497
2016-07-01,88.05417835780149,82.23589114364633,93.57219411376452
2016-08-01,88.64610449281919,83.32406367106343,94.20741348805686
2016-09-01,89.12968921488925,83.50164607281454,94.48940442646696
2016-10-01,89.849369728831,84.16138596787286,94.48920116982706
2016-11-01,90.3254878586674,84.83540946095341,95.79306167254713
2016-12-01,90.84694489409502,84.94760202444047,96.27944691851516
2017-01-01,91.93402557600659,86.23507200178067,97.32421866646452
2017-02-01,92.96147040320093,87.25381116673006,98.7068618547729
2017-03-01,93.21320481131113,87.54934373145015,98.98369379123741
2017-04-01,94.09170321493819,88.6690571527804,99.81776966448385
2017-05-01,94.94789521578717,89.76564333606177,100.76251541762136
2017-06-01,95.66086468074715,89.61266901938204,101.16547975219984
2017-07-01,96.30617679662953,90.35173898380769,101.74854881076344
2017-08-01,96.97056581616985,91.46050645211744,102.43479053685664
2017-09-01,97.23811765042781,92.16654385884955,102.90636694528256
2017-10-01,97.9794613715743,92.31562499449285,103.78943309042545
2017-11-01,98.60456767179015,92.56623402665022,103.7231915159009
2017-12-01,99.23974089989035,93.5584525879409,104.95365470977661
2018-01-01,100.12701129765742,94.17901633812056,105.83622487001448
2018-02-01,100.95820820820836,95.31489670989015,106.2856913489509
2018-03-01,101.59050417339006,96.2517664274295,107.66348497874397
2018-04-01,102.3395987201947,96.83835313967577,107.98854694642559
2018-05-01,103.11571534288005,97.28905937630456,108.62156461827828
2018-06-01,103.86805083260366,98.46422558444317,109.41525255515172
2018-07-01,104.55913428768798,98.54208082854227,110.30021639007481
2018-08-01,105.29260878716562,100.06160378370205,111.05185666921908
2018-09-01,105.3442070687394,99.92231402077942,110.69424893404796
2018-10-01,106.11242651178985,100.35554819308145,112.14309659749274
2018-11-01,106.88748370433639,101.32895431605824,112.33609702465695
2018-12-01,107.63071290547974,102.00049250837937,113.02511353251111
2019-01-01,108.3146325249522,102.87153450678015,113.76880495314157
2019-02-01,108.95591606707505,103.49311251085626,114.80814891451257
2019-03-01,109.97057585987753,104.52111720235118,115.35349886657009
2019-04-01,110.5855868159768,104.88517844982862,115.88473411772854
2019-05-01,111.28287347775886,105.74481138944817,116.99619394799487
2019-06-01,112.07633424607262,106.62431077531411,117.94232736164258
2019-07-01,112.81299209746868,107.08368339901783,118.08454271619168
2019-08-01,113.6121486568558,108.28542585566068,119.1541738710137
2019-09-01,113.44809538111379,107.78185702642594,118.67981694496433
2019-10-01,114.24837893412568,108.92702491420314,119.77240225363948
2019-11-01,115.17414366495761,110.22937170538553,120.307800322152
2019-12-01,116.01965573413538,110.27718885840565,121.1964335063421
2020-01-01,116.49694024299613,111.38012588591963,122.35925405008769
2020-02-01,116.95483894224006,110.97517008327127,122.35695449320228
2020-03-01,117.74869447832516,111.77107090792889,123.49704391002682
2020-04-01,118.75183463359723,113.05981875668026,124.16771733950976
2020-05-01,119.6892324990384,113.75844607228544,124.93218276800533
2020-06-01,120.36462954673159,114.8410067303296,125.54114590892775
2020-07-01,120.96405245216216,115.42383638013669,126.36516934066371
2020-08-01,121.55597858717998,115.8200177074015,127.20631841956333
2020-09-01,122.039563309249,116.19058143286266,127.49025610159813
2020-10-01,122.75924382319077,117.00742348730596,128.01539820611364
2020-11-01,123.23536195302755,117.71645214140712,128.74308655240142
2020-12-01,123.75681898845632,118.31545738394233,129.27179283125272
2021-01-01,124.84389967036732,119.6437456539779,130.41562967826627
2021-02-01,125.8713444975595,120.42346429157307,131.56238686179046
2021-03-01,126.12307890567135,120.20483663883456,131.87804657742615
2021-04-01,127.00157730929818,121.50022372296097,132.558611924395
2021-05-01,127.85776931014874,122.51745557637993,133.675147159391
2021-06-01,128.57073877510624,123.11267126654431,134.1184536542573
2021-07-01,129.2160508909888,123.82422729527327,134.62992137098746
2021-08-01,129.88043991053067,124.50881510882732,135.67982042333205
2021-09-01,130.14799174478713,124.23631727828592,135.5555588369974
2021-10-01,130.88933546593495,125.00709050627445,136.39332012536516
2021-11-01,131.5144417661508,125.9627823586472,136.87401105061215
2021-12-01,132.1496149942509,126.6076364705769,137.54899568890215
2022-01-01,133.03688539201727,127.82118811621817,138.5523520084639
2022-02-01,133.86808230256744,128.45248608465764,139.10607059460247
2022-03-01,134.50037826774897,129.0469198153781,140.03827803890192
2022-04-01,135.24947281455576,129.87159972815638,140.87115993455504
2022-05-01,136.0255894372392,130.77655096649858,141.43328172803325
2022-06-01,136.77792492696463,131.35099692893604,142.01815129421948
2022-07-01,137.46900838204803,132.06899413246452,143.19590340093208
2022-08-01,138.2024828815253,132.71737452096602,143.86339182138963
2022-09-01,138.25408116310038,132.46848740056177,143.60885556086401
2022-10-01,139.02230060615022,133.41786715308055,144.8133819261799
2022-11-01,139.79735779869685,134.09036578754825,145.53475430491486
2022-12-01,140.5405869998392,134.72833038997368,145.8502792290898
2023-01-01,141.22450661931273,135.91024676857677,146.5653230273861
2023-02-01,141.86579016143295,136.60636734709416,147.3196523277939
2023-03-01,142.88044995423888,137.4912198017434,148.31826889495017
2023-04-01,143.4954609103368,137.841677307928,148.75745788448796
2023-05-01,144.19274757211926,138.64943307586077,149.41243032578652
2023-06-01,144.9862083404326,139.13099245922874,150.36497759477803
2023-07-01,145.72286619182958,140.4413244038823,151.2566947902601
2023-08-01,146.52202275121527,140.64211295581703,152.2546971823782
2023-09-01,146.3579694754744,140.99232575198286,151.61438214579675
2023-10-01,147.15825302848702,141.70837292766615,152.57709396747475
2023-11-01,148.08401775931642,142.16477213731966,153.75541037598373
2023-12-01,148.92952982849462,143.0592269278378,153.89787695024765
2024-01-01,149.40681433735622,143.50736134201603,154.72001612868618
2024-02-01,149.8647130365994,144.61293485235012,155.3193790877089
2024-03-01,150.6585685726837,145.00245649781363,156.01199684749727
2024-04-01,151.66170872795686,146.05764967034972,157.36530139201412
2024-05-01,152.5991065933986,147.0356681666478,158.024122178314
2024-06-01,153.27450364109205,148.0313502043779,158.90074514004147
2024-07-01,153.87392654652146,148.5305101643173,159.38854968612426
2024-08-01,154.46585268153976,148.72338261376706,160.51022987183194
2024-09-01,154.94943740361086,149.27577279635477,160.81846607745797
2024-10-01,155.66911791755234,149.959721255219,161.87019080948738
2024-11-01,156.1452360473883,150.43421867635854,161.75325152335446
2024-12-01,156.66669308281482,151.0402427600251,162.27484565604945
2025-01-01,157.753773764727,152.32487806653293,163.0386851292701
2025-02-01,158.78121859191958,153.54891923984886,164.68791723932875
2025-03-01,159.0329530000318,152.67781195475757,164.28354183174005
2025-04-01,159.91145140365782,154.45949187257497,165.76219942608785
2025-05-01,160.76764340450768,155.02162218551368,166.08432356027373
2025-06-01,161.48061286946688,155.90509993442362,166.9414705829516
2025-07-01,162.12592498534957,156.360165074978,167.84037902792397
2025-08-01,162.79031400489052,157.4478468689386,168.17768801481338
2025-09-01,163.05786583914767,157.36485100551616,168.48033677106537
2025-10-01,163.79920956029514,158.1697454947707,169.26367809499118
2025-11-01,164.42431586050998,159.1273333962047,170.54440194834638
2025-12-01,165.0594890886104,159.59017139507498,170.6053102393263
2026-01-01,165.94675948637826,160.43338196375592,171.6885573957808
2026-02-01,166.77795639692872,161.24964513220436,172.2342337596153
2026-03-01,167.41025236211019,162.2426158954556,173.02492823044417
2026-04-01,168.15934690891547,162.326558647145,173.46326459978903
2026-05-01,168.93546353159994,163.5935633377875,174.2328704789336
2026-06-01,169.6877990213239,164.41970297574912,175.51291877588983
2026-07-01,170.37888247640913,164.83096391007655,176.0121622470333
2026-08-01,171.112356975885,165.15430631831802,176.86761534987485
2026-09-01,171.16395525745926,165.87552815296655,176.7874441516541
2026-10-01,171.93217470051002,166.16550937568456,177.39373408056207
2026-11-01,172.70723189305673,167.09672146948907,178.12177224726145
2026-12-01,173.45046109419988,168.08453687546367,179.10424622187364
2027-01-01,174.13438071367253,168.5687639136771,179.59333339047137
2027-02-01,174.77566425579667,169.32772299701048,180.41909191572393
2027-03-01,175.79032404860112,170.4515351777399,181.6236954656885
2027-04-01,176.40533500469704,171.02548521953662,181.62491407268527
2027-05-01,177.10262166647883,171.36701309290885,182.77113260182702
2027-06-01,177.89608243479373,172.62642359544353,183.6107318572514
2027-07-01,178.63274028618935,173.24738022789393,184.36106238159138
2027-08-01,179.4318968455749,174.0441207799659,185.12920339711633
